"@timestamp","log.offset","log.file.path",message
"Oct 24, 2022 @ 00:50:22.795","359,540","/var/log/dpkg.log","2022-10-23 16:49:17 startup archives install"
"Oct 24, 2022 @ 00:50:22.795","359,585","/var/log/dpkg.log","2022-10-23 16:49:19 install packetbeat:amd64 <none> 8.3.3"
"Oct 24, 2022 @ 00:50:22.794","354,524","/var/log/dpkg.log","2022-10-23 16:48:12 install cpio:amd64 <none> 2.12+dfsg-6ubuntu0.18.04.4"
"Oct 24, 2022 @ 00:50:22.794","354,825","/var/log/dpkg.log","2022-10-23 16:48:14 install ssl-cert:all <none> 1.0.39"
"Oct 24, 2022 @ 00:50:22.794","355,054","/var/log/dpkg.log","2022-10-23 16:48:16 install postfix:amd64 <none> 3.3.0-1ubuntu0.4"
"Oct 24, 2022 @ 00:50:22.794","357,960","/var/log/dpkg.log","2022-10-23 16:48:52 install s-nail:amd64 <none> 14.9.6-3"
"Oct 24, 2022 @ 00:50:22.794","358,587","/var/log/dpkg.log","2022-10-23 16:49:12 install libpcap0.8:amd64 <none> 1.8.1-6ubuntu1.18.04.2"
"Oct 24, 2022 @ 00:50:22.793","353,384","/var/log/dpkg.log","2022-10-23 16:47:40 startup archives install"
"Oct 24, 2022 @ 00:50:22.793","353,429","/var/log/dpkg.log","2022-10-23 16:47:40 install auditbeat:amd64 <none> 8.3.3"
"Oct 24, 2022 @ 00:50:22.792","347,363","/var/log/dpkg.log","2022-10-23 16:44:06 install rsync:amd64 <none> 3.1.2-2.1ubuntu1.5"
"Oct 24, 2022 @ 00:50:22.792","348,425","/var/log/dpkg.log","2022-10-23 16:46:55 startup archives install"
"Oct 24, 2022 @ 00:50:22.792","348,470","/var/log/dpkg.log","2022-10-23 16:46:56 install filebeat:amd64 <none> 8.3.3"
"Oct 24, 2022 @ 00:50:22.790","334,477","/var/log/dpkg.log","2022-10-23 16:42:45 install libpython3.6-dev:amd64 <none> 3.6.9-1~18.04ubuntu1.8"
"Oct 24, 2022 @ 00:50:22.790","334,810","/var/log/dpkg.log","2022-10-23 16:42:51 install libpython3-dev:amd64 <none> 3.6.7-1~18.04"
"Oct 24, 2022 @ 00:50:22.790","335,099","/var/log/dpkg.log","2022-10-23 16:42:52 install python-pip-whl:all <none> 9.0.1-2.3~ubuntu1.18.04.5"
"Oct 24, 2022 @ 00:50:22.790","335,428","/var/log/dpkg.log","2022-10-23 16:42:55 install python3-asn1crypto:all <none> 0.24.0-1"
"Oct 24, 2022 @ 00:50:22.790","335,705","/var/log/dpkg.log","2022-10-23 16:42:58 install python3-cffi-backend:amd64 <none> 1.11.5-1"
"Oct 24, 2022 @ 00:50:22.790","335,998","/var/log/dpkg.log","2022-10-23 16:43:00 install python3-crypto:amd64 <none> 2.6.1-8ubuntu2"
"Oct 24, 2022 @ 00:50:22.790","336,291","/var/log/dpkg.log","2022-10-23 16:43:02 install python3-cryptography:amd64 <none> 2.1.4-1ubuntu1.4"
"Oct 24, 2022 @ 00:50:22.790","336,616","/var/log/dpkg.log","2022-10-23 16:43:04 install python3.6-dev:amd64 <none> 3.6.9-1~18.04ubuntu1.8"
"Oct 24, 2022 @ 00:50:22.790","336,937","/var/log/dpkg.log","2022-10-23 16:43:05 install python3-dev:amd64 <none> 3.6.7-1~18.04"
"Oct 24, 2022 @ 00:50:22.790","337,214","/var/log/dpkg.log","2022-10-23 16:43:07 install python3-secretstorage:all <none> 2.3.1-2"
"Oct 24, 2022 @ 00:50:22.790","337,499","/var/log/dpkg.log","2022-10-23 16:43:08 install python3-keyring:all <none> 10.6.0-1"
"Oct 24, 2022 @ 00:50:22.790","337,764","/var/log/dpkg.log","2022-10-23 16:43:10 install python3-keyrings.alt:all <none> 3.0-1"
"Oct 24, 2022 @ 00:50:22.790","338,037","/var/log/dpkg.log","2022-10-23 16:43:13 install python3-pip:all <none> 9.0.1-2.3~ubuntu1.18.04.5"
"Oct 24, 2022 @ 00:50:22.790","338,354","/var/log/dpkg.log","2022-10-23 16:43:15 install python3-setuptools:all <none> 39.0.1-2"
"Oct 24, 2022 @ 00:50:22.790","338,631","/var/log/dpkg.log","2022-10-23 16:43:17 install python3-wheel:all <none> 0.30.0-0.2"
"Oct 24, 2022 @ 00:50:22.790","338,896","/var/log/dpkg.log","2022-10-23 16:43:19 install python3-xdg:all <none> 0.25-4ubuntu1.1"
"Oct 24, 2022 @ 00:50:22.789","328,356","/var/log/dpkg.log","2022-10-23 16:38:23 install git-man:all <none> 1:2.17.1-1ubuntu0.13"
"Oct 24, 2022 @ 00:50:22.789","328,637","/var/log/dpkg.log","2022-10-23 16:38:25 install git:amd64 <none> 1:2.17.1-1ubuntu0.13"
"Oct 24, 2022 @ 00:50:22.789","332,933","/var/log/dpkg.log","2022-10-23 16:42:35 install python3-lib2to3:all <none> 3.6.9-1~18.04"
"Oct 24, 2022 @ 00:50:22.789","333,218","/var/log/dpkg.log","2022-10-23 16:42:36 install python3-distutils:all <none> 3.6.9-1~18.04"
"Oct 24, 2022 @ 00:50:22.789","333,511","/var/log/dpkg.log","2022-10-23 16:42:38 install dh-python:all <none> 3.20180325ubuntu2"
"Oct 24, 2022 @ 00:50:22.789","333,788","/var/log/dpkg.log","2022-10-23 16:42:40 install libexpat1-dev:amd64 <none> 2.2.5-3ubuntu0.7"
"Oct 24, 2022 @ 00:50:22.789","334,085","/var/log/dpkg.log","2022-10-23 16:42:43 install libpython3.6:amd64 <none> 3.6.9-1~18.04ubuntu1.8"
"Oct 24, 2022 @ 00:50:22.788","326,569","/var/log/dpkg.log","2022-10-23 16:37:51 install apt-utils:amd64 <none> 1.6.14"
"Oct 24, 2022 @ 00:50:22.788","327,146","/var/log/dpkg.log","2022-10-23 16:37:57 install sshpass:amd64 <none> 1.06-1"
"Oct 24, 2022 @ 00:50:22.788","327,707","/var/log/dpkg.log","2022-10-23 16:38:21 install libcurl3-gnutls:amd64 <none> 7.58.0-2ubuntu3.20"
"Oct 24, 2022 @ 00:50:22.788","328,095","/var/log/dpkg.log","2022-10-23 16:38:22 install liberror-perl:all <none> 0.17025-1"
"Oct 24, 2022 @ 00:50:22.787","322,109","/var/log/dpkg.log","2022-10-23 16:37:21 install nano:amd64 <none> 2.9.3-2"
"Oct 24, 2022 @ 00:50:22.787","322,709","/var/log/dpkg.log","2022-10-23 16:37:31 install libelf1:amd64 <none> 0.170-0.4ubuntu0.1"
"Oct 24, 2022 @ 00:50:22.787","323,065","/var/log/dpkg.log","2022-10-23 16:37:32 install libmnl0:amd64 <none> 1.0.4-2"
"Oct 24, 2022 @ 00:50:22.787","323,302","/var/log/dpkg.log","2022-10-23 16:37:34 install iproute2:amd64 <none> 4.15.0-2ubuntu1.3"
"Oct 24, 2022 @ 00:50:22.787","323,583","/var/log/dpkg.log","2022-10-23 16:37:37 install libatm1:amd64 <none> 1:2.5.1-2build1"
"Oct 24, 2022 @ 00:50:22.787","323,852","/var/log/dpkg.log","2022-10-23 16:37:38 install libxtables12:amd64 <none> 1.6.1-2ubuntu2"
"Oct 24, 2022 @ 00:50:22.786","320,395","/var/log/dpkg.log","2022-10-23 16:37:04 install less:amd64 <none> 487-0.1"
"Oct 24, 2022 @ 00:50:22.786","321,216","/var/log/dpkg.log","2022-10-23 16:37:13 install unzip:amd64 <none> 6.0-21ubuntu1.2"
"Oct 24, 2022 @ 00:50:22.785","315,080","/var/log/dpkg.log","2022-10-23 16:36:44 install python-apt-common:all <none> 1.6.5ubuntu0.7"
"Oct 24, 2022 @ 00:50:22.785","315,377","/var/log/dpkg.log","2022-10-23 16:36:45 install python3-apt:amd64 <none> 1.6.5ubuntu0.7"
"Oct 24, 2022 @ 00:50:22.785","315,658","/var/log/dpkg.log","2022-10-23 16:36:47 install python3-software-properties:all <none> 0.96.24.32.18"
"Oct 24, 2022 @ 00:50:22.785","315,991","/var/log/dpkg.log","2022-10-23 16:36:48 install software-properties-common:all <none> 0.96.24.32.18"
"Oct 24, 2022 @ 00:50:22.785","316,466","/var/log/dpkg.log","2022-10-23 16:36:50 install unattended-upgrades:all <none> 1.1ubuntu1.18.04.14"
"Oct 24, 2022 @ 00:50:22.784","311,644","/var/log/dpkg.log","2022-10-23 16:36:09 install net-tools:amd64 <none> 1.60+git20161116.90da8a0-1ubuntu1"
"Oct 24, 2022 @ 00:50:22.784","312,437","/var/log/dpkg.log","2022-10-23 16:36:15 install iputils-ping:amd64 <none> 3:20161105-1ubuntu3"
"Oct 24, 2022 @ 00:50:22.784","312,742","/var/log/dpkg.log","2022-10-23 16:36:16 install libcap2-bin:amd64 <none> 1:2.25-1.2"
"Oct 24, 2022 @ 00:50:22.784","313,007","/var/log/dpkg.log","2022-10-23 16:36:19 install libpam-cap:amd64 <none> 1:2.25-1.2"
"Oct 24, 2022 @ 00:50:22.784","314,266","/var/log/dpkg.log","2022-10-23 16:36:38 install libapt-inst2.0:amd64 <none> 1.6.14"
"Oct 24, 2022 @ 00:50:22.784","314,602","/var/log/dpkg.log","2022-10-23 16:36:40 install iso-codes:all <none> 3.79-1"
"Oct 24, 2022 @ 00:50:22.784","314,835","/var/log/dpkg.log","2022-10-23 16:36:42 install powermgmt-base:all <none> 1.33"
"Oct 24, 2022 @ 00:50:22.782","305,003","/var/log/dpkg.log","2022-10-23 16:35:29 install libestr0:amd64 <none> 0.1.10-2.1"
"Oct 24, 2022 @ 00:50:22.782","305,331","/var/log/dpkg.log","2022-10-23 16:35:30 install libfastjson4:amd64 <none> 0.99.8-2"
"Oct 24, 2022 @ 00:50:22.782","305,592","/var/log/dpkg.log","2022-10-23 16:35:31 install libpopt0:amd64 <none> 1.16-11"
"Oct 24, 2022 @ 00:50:22.782","305,833","/var/log/dpkg.log","2022-10-23 16:35:32 install logrotate:amd64 <none> 3.11.0-0.1ubuntu1"
"Oct 24, 2022 @ 00:50:22.782","306,118","/var/log/dpkg.log","2022-10-23 16:35:34 install rsyslog:amd64 <none> 8.32.0-1ubuntu4.2"
"Oct 24, 2022 @ 00:50:22.781","304,647","/var/log/dpkg.log","2022-10-23 16:35:26 install cron:amd64 <none> 3.0pl1-128.1ubuntu1.2"
"Oct 24, 2022 @ 00:50:22.722","280,709","/var/log/dpkg.log","2022-10-23 16:33:41 install dirmngr:amd64 <none> 2.2.4-1ubuntu1.6"
"Oct 24, 2022 @ 00:50:22.722","280,982","/var/log/dpkg.log","2022-10-23 16:33:43 install libfakeroot:amd64 <none> 1.22-2ubuntu1"
"Oct 24, 2022 @ 00:50:22.722","281,259","/var/log/dpkg.log","2022-10-23 16:33:45 install fakeroot:amd64 <none> 1.22-2ubuntu1"
"Oct 24, 2022 @ 00:50:22.722","281,524","/var/log/dpkg.log","2022-10-23 16:33:48 install gnupg-l10n:all <none> 2.2.4-1ubuntu1.6"
"Oct 24, 2022 @ 00:50:22.722","281,801","/var/log/dpkg.log","2022-10-23 16:33:50 install gnupg-utils:amd64 <none> 2.2.4-1ubuntu1.6"
"Oct 24, 2022 @ 00:50:22.722","282,090","/var/log/dpkg.log","2022-10-23 16:33:53 install gpg:amd64 <none> 2.2.4-1ubuntu1.6"
"Oct 24, 2022 @ 00:50:22.722","282,347","/var/log/dpkg.log","2022-10-23 16:33:55 install pinentry-curses:amd64 <none> 1.1.0-1"
"Oct 24, 2022 @ 00:50:22.722","282,616","/var/log/dpkg.log","2022-10-23 16:33:56 install gpg-agent:amd64 <none> 2.2.4-1ubuntu1.6"
"Oct 24, 2022 @ 00:50:22.722","282,897","/var/log/dpkg.log","2022-10-23 16:33:58 install gpg-wks-client:amd64 <none> 2.2.4-1ubuntu1.6"
"Oct 24, 2022 @ 00:50:22.722","283,198","/var/log/dpkg.log","2022-10-23 16:34:00 install gpg-wks-server:amd64 <none> 2.2.4-1ubuntu1.6"
"Oct 24, 2022 @ 00:50:22.722","283,499","/var/log/dpkg.log","2022-10-23 16:34:02 install gpgsm:amd64 <none> 2.2.4-1ubuntu1.6"
"Oct 24, 2022 @ 00:50:22.722","283,764","/var/log/dpkg.log","2022-10-23 16:34:04 install gnupg:amd64 <none> 2.2.4-1ubuntu1.6"
"Oct 24, 2022 @ 00:50:22.722","284,029","/var/log/dpkg.log","2022-10-23 16:34:06 install libalgorithm-diff-perl:all <none> 1.19.03-1"
"Oct 24, 2022 @ 00:50:22.722","284,326","/var/log/dpkg.log","2022-10-23 16:34:07 install libalgorithm-diff-xs-perl:amd64 <none> 0.04-5"
"Oct 24, 2022 @ 00:50:22.722","284,631","/var/log/dpkg.log","2022-10-23 16:34:09 install libalgorithm-merge-perl:all <none> 0.08-3"
"Oct 24, 2022 @ 00:50:22.722","284,920","/var/log/dpkg.log","2022-10-23 16:34:10 install libfile-fcntllock-perl:amd64 <none> 0.22-3build2"
"Oct 24, 2022 @ 00:50:22.722","285,237","/var/log/dpkg.log","2022-10-23 16:34:12 install manpages-dev:all <none> 4.15-1"
"Oct 24, 2022 @ 00:50:22.721","278,541","/var/log/dpkg.log","2022-10-23 16:33:25 install libdpkg-perl:all <none> 1.19.0.5ubuntu2.4"
"Oct 24, 2022 @ 00:50:22.721","278,830","/var/log/dpkg.log","2022-10-23 16:33:26 install patch:amd64 <none> 2.7.6-2ubuntu1.1"
"Oct 24, 2022 @ 00:50:22.721","279,095","/var/log/dpkg.log","2022-10-23 16:33:29 install dpkg-dev:all <none> 1.19.0.5ubuntu2.4"
"Oct 24, 2022 @ 00:50:22.721","279,368","/var/log/dpkg.log","2022-10-23 16:33:31 install build-essential:amd64 <none> 12.4ubuntu1"
"Oct 24, 2022 @ 00:50:22.721","279,653","/var/log/dpkg.log","2022-10-23 16:33:33 install libassuan0:amd64 <none> 2.5.1-2"
"Oct 24, 2022 @ 00:50:22.721","279,902","/var/log/dpkg.log","2022-10-23 16:33:34 install gpgconf:amd64 <none> 2.2.4-1ubuntu1.6"
"Oct 24, 2022 @ 00:50:22.721","280,175","/var/log/dpkg.log","2022-10-23 16:33:36 install libksba8:amd64 <none> 1.3.5-2ubuntu0.18.04.1"
"Oct 24, 2022 @ 00:50:22.721","280,476","/var/log/dpkg.log","2022-10-23 16:33:38 install libnpth0:amd64 <none> 1.5-3"
"Oct 24, 2022 @ 00:50:22.617","273,897","/var/log/dpkg.log","2022-10-23 16:32:47 install libitm1:amd64 <none> 8.4.0-1ubuntu1~18.04"
"Oct 24, 2022 @ 00:50:22.617","274,186","/var/log/dpkg.log","2022-10-23 16:32:49 install libatomic1:amd64 <none> 8.4.0-1ubuntu1~18.04"
"Oct 24, 2022 @ 00:50:22.617","274,487","/var/log/dpkg.log","2022-10-23 16:32:51 install libasan4:amd64 <none> 7.5.0-3ubuntu1~18.04"
"Oct 24, 2022 @ 00:50:22.617","274,780","/var/log/dpkg.log","2022-10-23 16:32:53 install liblsan0:amd64 <none> 8.4.0-1ubuntu1~18.04"
"Oct 24, 2022 @ 00:50:22.617","275,073","/var/log/dpkg.log","2022-10-23 16:32:55 install libtsan0:amd64 <none> 8.4.0-1ubuntu1~18.04"
"Oct 24, 2022 @ 00:50:22.617","275,366","/var/log/dpkg.log","2022-10-23 16:32:58 install libubsan0:amd64 <none> 7.5.0-3ubuntu1~18.04"
"Oct 24, 2022 @ 00:50:22.617","275,663","/var/log/dpkg.log","2022-10-23 16:33:00 install libcilkrts5:amd64 <none> 7.5.0-3ubuntu1~18.04"
"Oct 24, 2022 @ 00:50:22.617","275,968","/var/log/dpkg.log","2022-10-23 16:33:04 install libmpx2:amd64 <none> 8.4.0-1ubuntu1~18.04"
"Oct 24, 2022 @ 00:50:22.617","276,257","/var/log/dpkg.log","2022-10-23 16:33:07 install libquadmath0:amd64 <none> 8.4.0-1ubuntu1~18.04"
"Oct 24, 2022 @ 00:50:22.617","276,566","/var/log/dpkg.log","2022-10-23 16:33:08 install libgcc-7-dev:amd64 <none> 7.5.0-3ubuntu1~18.04"
"Oct 24, 2022 @ 00:50:22.617","276,875","/var/log/dpkg.log","2022-10-23 16:33:10 install gcc-7:amd64 <none> 7.5.0-3ubuntu1~18.04"
"Oct 24, 2022 @ 00:50:22.617","277,156","/var/log/dpkg.log","2022-10-23 16:33:13 install gcc:amd64 <none> 4:7.4.0-1ubuntu2.3"
"Oct 24, 2022 @ 00:50:22.617","277,421","/var/log/dpkg.log","2022-10-23 16:33:15 install libstdc++-7-dev:amd64 <none> 7.5.0-3ubuntu1~18.04"
"Oct 24, 2022 @ 00:50:22.617","277,742","/var/log/dpkg.log","2022-10-23 16:33:18 install g++-7:amd64 <none> 7.5.0-3ubuntu1~18.04"
"Oct 24, 2022 @ 00:50:22.617","278,023","/var/log/dpkg.log","2022-10-23 16:33:21 install g++:amd64 <none> 4:7.4.0-1ubuntu2.3"
"Oct 24, 2022 @ 00:50:22.617","278,288","/var/log/dpkg.log","2022-10-23 16:33:22 install make:amd64 <none> 4.1-9.1ubuntu1"
"Oct 24, 2022 @ 00:50:22.616","272,287","/var/log/dpkg.log","2022-10-23 16:32:31 install libmpfr6:amd64 <none> 4.0.1-1"
"Oct 24, 2022 @ 00:50:22.616","272,528","/var/log/dpkg.log","2022-10-23 16:32:33 install libmpc3:amd64 <none> 1.1.0-1"
"Oct 24, 2022 @ 00:50:22.616","272,765","/var/log/dpkg.log","2022-10-23 16:32:34 install cpp-7:amd64 <none> 7.5.0-3ubuntu1~18.04"
"Oct 24, 2022 @ 00:50:22.616","273,046","/var/log/dpkg.log","2022-10-23 16:32:38 install cpp:amd64 <none> 4:7.4.0-1ubuntu2.3"
"Oct 24, 2022 @ 00:50:22.616","273,311","/var/log/dpkg.log","2022-10-23 16:32:40 install libcc1-0:amd64 <none> 8.4.0-1ubuntu1~18.04"
"Oct 24, 2022 @ 00:50:22.616","273,604","/var/log/dpkg.log","2022-10-23 16:32:44 install libgomp1:amd64 <none> 8.4.0-1ubuntu1~18.04"
"Oct 24, 2022 @ 00:50:22.615","270,220","/var/log/dpkg.log","2022-10-23 16:32:16 install binutils-x86-64-linux-gnu:amd64 <none> 2.30-21ubuntu1~18.04.7"
"Oct 24, 2022 @ 00:50:22.615","270,589","/var/log/dpkg.log","2022-10-23 16:32:19 install binutils:amd64 <none> 2.30-21ubuntu1~18.04.7"
"Oct 24, 2022 @ 00:50:22.615","270,890","/var/log/dpkg.log","2022-10-23 16:32:21 install libc-dev-bin:amd64 <none> 2.27-3ubuntu1.6"
"Oct 24, 2022 @ 00:50:22.615","271,179","/var/log/dpkg.log","2022-10-23 16:32:22 install linux-libc-dev:amd64 <none> 4.15.0-194.205"
"Oct 24, 2022 @ 00:50:22.615","271,472","/var/log/dpkg.log","2022-10-23 16:32:25 install libc6-dev:amd64 <none> 2.27-3ubuntu1.6"
"Oct 24, 2022 @ 00:50:22.615","271,749","/var/log/dpkg.log","2022-10-23 16:32:27 install gcc-7-base:amd64 <none> 7.5.0-3ubuntu1~18.04"
"Oct 24, 2022 @ 00:50:22.615","272,050","/var/log/dpkg.log","2022-10-23 16:32:29 install libisl19:amd64 <none> 0.19-1"
"Oct 24, 2022 @ 00:50:22.614","269,136","/var/log/dpkg.log","2022-10-23 16:32:10 install netbase:all <none> 5.4"
"Oct 24, 2022 @ 00:50:22.614","269,349","/var/log/dpkg.log","2022-10-23 16:32:11 install manpages:all <none> 4.15-1"
"Oct 24, 2022 @ 00:50:22.614","269,578","/var/log/dpkg.log","2022-10-23 16:32:13 install binutils-common:amd64 <none> 2.30-21ubuntu1~18.04.7"
"Oct 24, 2022 @ 00:50:22.614","269,907","/var/log/dpkg.log","2022-10-23 16:32:14 install libbinutils:amd64 <none> 2.30-21ubuntu1~18.04.7"
"Oct 24, 2022 @ 00:50:22.612","267,473","/var/log/dpkg.log","2022-10-23 16:31:59 install libgdbm-compat4:amd64 <none> 1.14.1-6"
"Oct 24, 2022 @ 00:50:22.612","267,746","/var/log/dpkg.log","2022-10-23 16:32:01 install libperl5.26:amd64 <none> 5.26.1-6ubuntu0.6"
"Oct 24, 2022 @ 00:50:22.612","268,039","/var/log/dpkg.log","2022-10-23 16:32:04 install perl:amd64 <none> 5.26.1-6ubuntu0.6"
"Oct 24, 2022 @ 00:50:22.611","266,602","/var/log/dpkg.log","2022-10-23 16:31:52 install liblocale-gettext-perl:amd64 <none> 1.07-3build2"
"Oct 24, 2022 @ 00:50:22.611","266,919","/var/log/dpkg.log","2022-10-23 16:31:54 install perl-modules-5.26:all <none> 5.26.1-6ubuntu0.6"
"Oct 24, 2022 @ 00:50:22.611","267,228","/var/log/dpkg.log","2022-10-23 16:31:57 install libgdbm5:amd64 <none> 1.14.1-6"
"Oct 24, 2022 @ 00:50:22.468","232,779","/var/log/dpkg.log","2022-03-17 08:21:09 install python3-certifi:all <none> 2018.1.18-2"
"Oct 24, 2022 @ 00:50:22.468","233,056","/var/log/dpkg.log","2022-03-17 08:21:09 install python3-pkg-resources:all <none> 39.0.1-2"
"Oct 24, 2022 @ 00:50:22.468","233,345","/var/log/dpkg.log","2022-03-17 08:21:09 install python3-chardet:all <none> 3.0.4-1"
"Oct 24, 2022 @ 00:50:22.468","233,606","/var/log/dpkg.log","2022-03-17 08:21:09 install python3-idna:all <none> 2.6-1"
"Oct 24, 2022 @ 00:50:22.468","233,847","/var/log/dpkg.log","2022-03-17 08:21:09 install python3-six:all <none> 1.11.0-2"
"Oct 24, 2022 @ 00:50:22.468","234,096","/var/log/dpkg.log","2022-03-17 08:21:09 install python3-urllib3:all <none> 1.22-1ubuntu0.18.04.2"
"Oct 24, 2022 @ 00:50:22.468","234,413","/var/log/dpkg.log","2022-03-17 08:21:09 install python3-requests:all <none> 2.18.4-2ubuntu0.1"
"Oct 24, 2022 @ 00:50:22.468","234,718","/var/log/dpkg.log","2022-03-17 08:21:09 install ssh-import-id:all <none> 5.7-0ubuntu1.1"
"Oct 24, 2022 @ 00:50:22.467","230,050","/var/log/dpkg.log","2022-03-17 08:21:08 install libnghttp2-14:amd64 <none> 1.30.0-1ubuntu1"
"Oct 24, 2022 @ 00:50:22.467","230,343","/var/log/dpkg.log","2022-03-17 08:21:09 install librtmp1:amd64 <none> 2.4+20151223.gitfa8646d.1-1"
"Oct 24, 2022 @ 00:50:22.467","230,664","/var/log/dpkg.log","2022-03-17 08:21:09 install libcurl4:amd64 <none> 7.58.0-2ubuntu3.16"
"Oct 24, 2022 @ 00:50:22.467","230,949","/var/log/dpkg.log","2022-03-17 08:21:09 install curl:amd64 <none> 7.58.0-2ubuntu3.16"
"Oct 24, 2022 @ 00:50:22.467","231,218","/var/log/dpkg.log","2022-03-17 08:21:09 install libsasl2-modules:amd64 <none> 2.1.27~101-g0780600+dfsg-3ubuntu2.4"
"Oct 24, 2022 @ 00:50:22.467","231,603","/var/log/dpkg.log","2022-03-17 08:21:09 install libwrap0:amd64 <none> 7.6.q-27"
"Oct 24, 2022 @ 00:50:22.467","231,848","/var/log/dpkg.log","2022-03-17 08:21:09 install ncurses-term:all <none> 6.1-1ubuntu1.18.04"
"Oct 24, 2022 @ 00:50:22.467","232,141","/var/log/dpkg.log","2022-03-17 08:21:09 install openssh-sftp-server:amd64 <none> 1:7.6p1-4ubuntu0.6"
"Oct 24, 2022 @ 00:50:22.467","232,470","/var/log/dpkg.log","2022-03-17 08:21:09 install openssh-server:amd64 <none> 1:7.6p1-4ubuntu0.6"
"Oct 24, 2022 @ 00:50:22.466","229,404","/var/log/dpkg.log","2022-03-17 08:21:08 install libldap-common:all <none> 2.4.45+dfsg-1ubuntu1.10"
"Oct 24, 2022 @ 00:50:22.466","229,725","/var/log/dpkg.log","2022-03-17 08:21:08 install libldap-2.4-2:amd64 <none> 2.4.45+dfsg-1ubuntu1.10"
"Oct 24, 2022 @ 00:50:22.362","228,646","/var/log/dpkg.log","2022-03-17 08:21:08 install libsasl2-modules-db:amd64 <none> 2.1.27~101-g0780600+dfsg-3ubuntu2.4"
"Oct 24, 2022 @ 00:50:22.362","229,043","/var/log/dpkg.log","2022-03-17 08:21:08 install libsasl2-2:amd64 <none> 2.1.27~101-g0780600+dfsg-3ubuntu2.4"
"Oct 24, 2022 @ 00:50:22.361","227,735","/var/log/dpkg.log","2022-03-17 08:21:08 install libkrb5-26-heimdal:amd64 <none> 7.5.0+dfsg-1"
"Oct 24, 2022 @ 00:50:22.361","228,036","/var/log/dpkg.log","2022-03-17 08:21:08 install libheimntlm0-heimdal:amd64 <none> 7.5.0+dfsg-1"
"Oct 24, 2022 @ 00:50:22.361","228,345","/var/log/dpkg.log","2022-03-17 08:21:08 install libgssapi3-heimdal:amd64 <none> 7.5.0+dfsg-1"
"Oct 24, 2022 @ 00:50:22.360","227,141","/var/log/dpkg.log","2022-03-17 08:21:08 install libwind0-heimdal:amd64 <none> 7.5.0+dfsg-1"
"Oct 24, 2022 @ 00:50:22.360","227,434","/var/log/dpkg.log","2022-03-17 08:21:08 install libhx509-5-heimdal:amd64 <none> 7.5.0+dfsg-1"
"Oct 24, 2022 @ 00:50:22.359","226,230","/var/log/dpkg.log","2022-03-17 08:21:08 install libasn1-8-heimdal:amd64 <none> 7.5.0+dfsg-1"
"Oct 24, 2022 @ 00:50:22.359","226,527","/var/log/dpkg.log","2022-03-17 08:21:08 install libheimbase1-heimdal:amd64 <none> 7.5.0+dfsg-1"
"Oct 24, 2022 @ 00:50:22.359","226,836","/var/log/dpkg.log","2022-03-17 08:21:08 install libhcrypto4-heimdal:amd64 <none> 7.5.0+dfsg-1"
"Oct 24, 2022 @ 00:50:22.358","225,423","/var/log/dpkg.log","2022-03-17 08:21:08 install wget:amd64 <none> 1.19.4-1ubuntu2.2"
"Oct 24, 2022 @ 00:50:22.358","225,688","/var/log/dpkg.log","2022-03-17 08:21:08 install xauth:amd64 <none> 1:1.0.10-1"
"Oct 24, 2022 @ 00:50:22.358","225,929","/var/log/dpkg.log","2022-03-17 08:21:08 install libroken18-heimdal:amd64 <none> 7.5.0+dfsg-1"
"Oct 24, 2022 @ 00:50:22.357","224,833","/var/log/dpkg.log","2022-03-17 08:21:08 install openssh-client:amd64 <none> 1:7.6p1-4ubuntu0.6"
"Oct 24, 2022 @ 00:50:22.357","225,142","/var/log/dpkg.log","2022-03-17 08:21:08 install publicsuffix:all <none> 20180223.1310-1"
"Oct 24, 2022 @ 00:50:22.357","224,584","/var/log/dpkg.log","2022-03-17 08:21:08 install libxmuu1:amd64 <none> 2:1.1.2-2"
"Oct 24, 2022 @ 00:50:22.356","223,721","/var/log/dpkg.log","2022-03-17 08:21:08 install libgssapi-krb5-2:amd64 <none> 1.16-2ubuntu0.2"
"Oct 24, 2022 @ 00:50:22.356","224,026","/var/log/dpkg.log","2022-03-17 08:21:08 install libpsl5:amd64 <none> 0.19.1-5build1"
"Oct 24, 2022 @ 00:50:22.356","224,291","/var/log/dpkg.log","2022-03-17 08:21:08 install libssl1.0.0:amd64 <none> 1.0.2n-1ubuntu5.8"
"Oct 24, 2022 @ 00:50:22.355","223,151","/var/log/dpkg.log","2022-03-17 08:21:08 install libkeyutils1:amd64 <none> 1.5.9-9.2ubuntu2"
"Oct 24, 2022 @ 00:50:22.355","223,444","/var/log/dpkg.log","2022-03-17 08:21:08 install libkrb5-3:amd64 <none> 1.16-2ubuntu0.2"
"Oct 24, 2022 @ 00:50:22.354","222,862","/var/log/dpkg.log","2022-03-17 08:21:08 install libk5crypto3:amd64 <none> 1.16-2ubuntu0.2"
"Oct 24, 2022 @ 00:50:05.373","222,561","/var/log/dpkg.log","2022-03-17 08:21:08 install libkrb5support0:amd64 <none> 1.16-2ubuntu0.2"
"Oct 24, 2022 @ 00:50:05.372","221,477","/var/log/dpkg.log","2022-03-17 08:21:07 install xdg-user-dirs:amd64 <none> 0.17-1ubuntu1"
"Oct 24, 2022 @ 00:50:05.372","221,762","/var/log/dpkg.log","2022-03-17 08:21:07 install xz-utils:amd64 <none> 5.2.2-1.3"
"Oct 24, 2022 @ 00:50:05.372","222,011","/var/log/dpkg.log","2022-03-17 08:21:07 install krb5-locales:all <none> 1.16-2ubuntu0.2"
"Oct 24, 2022 @ 00:50:05.372","222,292","/var/log/dpkg.log","2022-03-17 08:21:07 install libedit2:amd64 <none> 3.1-20170329-1"
"Oct 24, 2022 @ 00:50:05.371","218,434","/var/log/dpkg.log","2022-03-17 08:21:07 install libnss-systemd:amd64 <none> 237-3ubuntu10.53"
"Oct 24, 2022 @ 00:50:05.371","218,735","/var/log/dpkg.log","2022-03-17 08:21:07 install libpam-systemd:amd64 <none> 237-3ubuntu10.53"
"Oct 24, 2022 @ 00:50:05.371","219,036","/var/log/dpkg.log","2022-03-17 08:21:07 install libxml2:amd64 <none> 2.9.4+dfsg1-6.1ubuntu1.5"
"Oct 24, 2022 @ 00:50:05.371","219,341","/var/log/dpkg.log","2022-03-17 08:21:07 install locales:all <none> 2.27-3ubuntu1.5"
"Oct 24, 2022 @ 00:50:05.371","219,602","/var/log/dpkg.log","2022-03-17 08:21:07 install lsb-release:all <none> 9.20170808ubuntu1"
"Oct 24, 2022 @ 00:50:05.371","219,887","/var/log/dpkg.log","2022-03-17 08:21:07 install python3-dbus:amd64 <none> 1.2.6-1"
"Oct 24, 2022 @ 00:50:05.371","220,144","/var/log/dpkg.log","2022-03-17 08:21:07 install python3-gi:amd64 <none> 3.26.1-2ubuntu1"
"Oct 24, 2022 @ 00:50:05.371","220,425","/var/log/dpkg.log","2022-03-17 08:21:07 install networkd-dispatcher:all <none> 1.7-0ubuntu3.3"
"Oct 24, 2022 @ 00:50:05.371","220,730","/var/log/dpkg.log","2022-03-17 08:21:07 install shared-mime-info:amd64 <none> 1.9-2"
"Oct 24, 2022 @ 00:50:05.371","220,995","/var/log/dpkg.log","2022-03-17 08:21:07 install sudo:amd64 <none> 1.8.21p2-3ubuntu1.4"
"Oct 24, 2022 @ 00:50:05.371","221,268","/var/log/dpkg.log","2022-03-17 08:21:07 install ucf:all <none> 3.0038"
"Oct 24, 2022 @ 00:50:05.370","215,773","/var/log/dpkg.log","2022-03-17 08:21:06 install dmsetup:amd64 <none> 2:1.02.145-4.1ubuntu3.18.04.3"
"Oct 24, 2022 @ 00:50:05.370","216,098","/var/log/dpkg.log","2022-03-17 08:21:06 install libmagic-mgc:amd64 <none> 1:5.32-2ubuntu0.4"
"Oct 24, 2022 @ 00:50:05.370","216,395","/var/log/dpkg.log","2022-03-17 08:21:06 install libmagic1:amd64 <none> 1:5.32-2ubuntu0.4"
"Oct 24, 2022 @ 00:50:05.370","216,680","/var/log/dpkg.log","2022-03-17 08:21:06 install file:amd64 <none> 1:5.32-2ubuntu0.4"
"Oct 24, 2022 @ 00:50:05.370","216,945","/var/log/dpkg.log","2022-03-17 08:21:06 install libglib2.0-0:amd64 <none> 2.56.4-0ubuntu0.18.04.9"
"Oct 24, 2022 @ 00:50:05.370","217,266","/var/log/dpkg.log","2022-03-17 08:21:06 install libgirepository-1.0-1:amd64 <none> 1.56.1-1"
"Oct 24, 2022 @ 00:50:05.370","217,563","/var/log/dpkg.log","2022-03-17 08:21:06 install gir1.2-glib-2.0:amd64 <none> 1.56.1-1"
"Oct 24, 2022 @ 00:50:05.370","217,836","/var/log/dpkg.log","2022-03-17 08:21:06 install libglib2.0-data:all <none> 2.56.4-0ubuntu0.18.04.9"
"Oct 24, 2022 @ 00:50:05.370","218,161","/var/log/dpkg.log","2022-03-17 08:21:06 install libicu60:amd64 <none> 60.2-3ubuntu3.2"
"Oct 24, 2022 @ 00:50:05.369","213,988","/var/log/dpkg.log","2022-03-17 08:21:05 install python:amd64 <none> 2.7.15~rc1-1"
"Oct 24, 2022 @ 00:50:05.369","214,241","/var/log/dpkg.log","2022-03-17 08:21:05 install openssl:amd64 <none> 1.1.1-1ubuntu2.1~18.04.15"
"Oct 24, 2022 @ 00:50:05.369","214,550","/var/log/dpkg.log","2022-03-17 08:21:05 install ca-certificates:all <none> 20210119~18.04.2"
"Oct 24, 2022 @ 00:50:05.369","214,847","/var/log/dpkg.log","2022-03-17 08:21:06 install libdbus-1-3:amd64 <none> 1.12.2-1ubuntu1.2"
"Oct 24, 2022 @ 00:50:05.369","215,140","/var/log/dpkg.log","2022-03-17 08:21:06 install dbus:amd64 <none> 1.12.2-1ubuntu1.2"
"Oct 24, 2022 @ 00:50:05.369","215,480","/var/log/dpkg.log","2022-03-17 08:21:06 install distro-info-data:all <none> 0.37ubuntu0.13"
"Oct 24, 2022 @ 00:50:05.368","211,242","/var/log/dpkg.log","2022-03-17 08:21:05 install python2.7-minimal:amd64 <none> 2.7.17-1~18.04ubuntu1.6"
"Oct 24, 2022 @ 00:50:05.368","211,583","/var/log/dpkg.log","2022-03-17 08:21:05 install python-minimal:amd64 <none> 2.7.15~rc1-1"
"Oct 24, 2022 @ 00:50:05.368","211,868","/var/log/dpkg.log","2022-03-17 08:21:05 install libpython2.7-stdlib:amd64 <none> 2.7.17-1~18.04ubuntu1.6"
"Oct 24, 2022 @ 00:50:05.368","212,217","/var/log/dpkg.log","2022-03-17 08:21:05 install python2.7:amd64 <none> 2.7.17-1~18.04ubuntu1.6"
"Oct 24, 2022 @ 00:50:05.368","212,526","/var/log/dpkg.log","2022-03-17 08:21:05 install libpython-stdlib:amd64 <none> 2.7.15~rc1-1"
"Oct 24, 2022 @ 00:50:05.367","208,855","/var/log/dpkg.log","2022-03-17 08:21:04 install libbsd0:amd64 <none> 0.8.7-1ubuntu0.1"
"Oct 24, 2022 @ 00:50:05.367","209,128","/var/log/dpkg.log","2022-03-17 08:21:04 install libxdmcp6:amd64 <none> 1:1.1.2-3"
"Oct 24, 2022 @ 00:50:05.367","209,381","/var/log/dpkg.log","2022-03-17 08:21:04 install libxcb1:amd64 <none> 1.13-2~ubuntu18.04"
"Oct 24, 2022 @ 00:50:05.367","209,662","/var/log/dpkg.log","2022-03-17 08:21:04 install libx11-data:all <none> 2:1.6.4-3ubuntu0.4"
"Oct 24, 2022 @ 00:50:05.367","209,951","/var/log/dpkg.log","2022-03-17 08:21:04 install libx11-6:amd64 <none> 2:1.6.4-3ubuntu0.4"
"Oct 24, 2022 @ 00:50:05.367","210,640","/var/log/dpkg.log","2022-03-17 08:21:05 install libxext6:amd64 <none> 2:1.3.3-1"
"Oct 24, 2022 @ 00:50:05.367","210,889","/var/log/dpkg.log","2022-03-17 08:21:05 install libpython2.7-minimal:amd64 <none> 2.7.17-1~18.04ubuntu1.6"
"Oct 24, 2022 @ 00:50:05.366","206,174","/var/log/dpkg.log","2022-03-17 08:21:04 install systemd:amd64 <none> 237-3ubuntu10.53"
"Oct 24, 2022 @ 00:50:05.366","207,980","/var/log/dpkg.log","2022-03-17 08:21:04 install systemd-sysv:amd64 <none> 237-3ubuntu10.53"
"Oct 24, 2022 @ 00:50:05.366","208,273","/var/log/dpkg.log","2022-03-17 08:21:04 install multiarch-support:amd64 <none> 2.27-3ubuntu1.5"
"Oct 24, 2022 @ 00:50:05.366","208,582","/var/log/dpkg.log","2022-03-17 08:21:04 install libxau6:amd64 <none> 1:1.0.8-1ubuntu1"
"Oct 24, 2022 @ 00:50:05.365","203,438","/var/log/dpkg.log","2022-03-17 08:21:03 install libapparmor1:amd64 <none> 2.12-4ubuntu5.1"
"Oct 24, 2022 @ 00:50:05.365","203,727","/var/log/dpkg.log","2022-03-17 08:21:04 install libkmod2:amd64 <none> 24-1ubuntu3.5"
"Oct 24, 2022 @ 00:50:05.364","201,375","/var/log/dpkg.log","2022-03-17 08:21:03 install libcap2:amd64 <none> 1:2.25-1.2"
"Oct 24, 2022 @ 00:50:05.364","201,624","/var/log/dpkg.log","2022-03-17 08:21:03 install libargon2-0:amd64 <none> 0~20161029-1.1"
"Oct 24, 2022 @ 00:50:05.364","201,905","/var/log/dpkg.log","2022-03-17 08:21:03 install libdevmapper1.02.1:amd64 <none> 2:1.02.145-4.1ubuntu3.18.04.3"
"Oct 24, 2022 @ 00:50:05.364","202,274","/var/log/dpkg.log","2022-03-17 08:21:03 install libjson-c3:amd64 <none> 0.12.1-1.3ubuntu0.3"
"Oct 24, 2022 @ 00:50:05.364","202,571","/var/log/dpkg.log","2022-03-17 08:21:03 install libcryptsetup12:amd64 <none> 2:2.0.2-1ubuntu1.2"
"Oct 24, 2022 @ 00:50:05.364","202,884","/var/log/dpkg.log","2022-03-17 08:21:03 install libidn11:amd64 <none> 1.33-2.1ubuntu1.2"
"Oct 24, 2022 @ 00:50:05.364","203,165","/var/log/dpkg.log","2022-03-17 08:21:03 install libip4tc0:amd64 <none> 1.6.1-2ubuntu2"
"Oct 24, 2022 @ 00:50:05.363","198,438","/var/log/dpkg.log","2022-03-17 08:21:03 install mime-support:all <none> 3.60ubuntu1"
"Oct 24, 2022 @ 00:50:05.363","198,703","/var/log/dpkg.log","2022-03-17 08:21:03 install libmpdec2:amd64 <none> 2.4.2-1ubuntu1"
"Oct 24, 2022 @ 00:50:05.363","198,976","/var/log/dpkg.log","2022-03-17 08:21:03 install readline-common:all <none> 7.0-3"
"Oct 24, 2022 @ 00:50:05.363","199,229","/var/log/dpkg.log","2022-03-17 08:21:03 install libreadline7:amd64 <none> 7.0-3"
"Oct 24, 2022 @ 00:50:05.363","199,478","/var/log/dpkg.log","2022-03-17 08:21:03 install libsqlite3-0:amd64 <none> 3.22.0-1ubuntu0.4"
"Oct 24, 2022 @ 00:50:05.363","199,775","/var/log/dpkg.log","2022-03-17 08:21:03 install libpython3.6-stdlib:amd64 <none> 3.6.9-1~18.04ubuntu1.6"
"Oct 24, 2022 @ 00:50:05.363","200,120","/var/log/dpkg.log","2022-03-17 08:21:03 install python3.6:amd64 <none> 3.6.9-1~18.04ubuntu1.6"
"Oct 24, 2022 @ 00:50:05.363","200,425","/var/log/dpkg.log","2022-03-17 08:21:03 install libpython3-stdlib:amd64 <none> 3.6.7-1~18.04"
"Oct 24, 2022 @ 00:50:05.363","201,114","/var/log/dpkg.log","2022-03-17 08:21:03 install python3:amd64 <none> 3.6.7-1~18.04"
"Oct 24, 2022 @ 00:50:05.362","195,701","/var/log/dpkg.log","2022-03-17 08:21:02 install libpython3.6-minimal:amd64 <none> 3.6.9-1~18.04ubuntu1.6"
"Oct 24, 2022 @ 00:50:05.362","196,050","/var/log/dpkg.log","2022-03-17 08:21:02 install libexpat1:amd64 <none> 2.2.5-3ubuntu0.7"
"Oct 24, 2022 @ 00:50:05.362","196,331","/var/log/dpkg.log","2022-03-17 08:21:02 install python3.6-minimal:amd64 <none> 3.6.9-1~18.04ubuntu1.6"
"Oct 24, 2022 @ 00:50:05.362","198,145","/var/log/dpkg.log","2022-03-17 08:21:03 install python3-minimal:amd64 <none> 3.6.7-1~18.04"
"Oct 24, 2022 @ 00:50:05.361","195,309","/var/log/dpkg.log","2022-03-17 08:21:02 install libssl1.1:amd64 <none> 1.1.1-1ubuntu2.1~18.04.15"
"Oct 24, 2022 @ 00:50:05.103","53,464","/var/log/dpkg.log","2022-03-01 19:27:10 install libtasn1-6:amd64 <none> 4.13-2"
"Oct 24, 2022 @ 00:50:05.103","53,709","/var/log/dpkg.log","2022-03-01 19:27:10 install libunistring2:amd64 <none> 0.9.9-0ubuntu1"
"Oct 24, 2022 @ 00:50:05.103","53,998","/var/log/dpkg.log","2022-03-01 19:27:10 install ubuntu-keyring:all <none> 2018.02.28"
"Oct 24, 2022 @ 00:50:05.102","52,878","/var/log/dpkg.log","2022-03-01 19:27:10 install libseccomp2:amd64 <none> 2.3.1-2.1ubuntu4"
"Oct 24, 2022 @ 00:50:05.102","53,167","/var/log/dpkg.log","2022-03-01 19:27:10 install libstdc++6:amd64 <none> 8-20180414-1ubuntu2"
"Oct 24, 2022 @ 00:50:05.101","52,380","/var/log/dpkg.log","2022-03-01 19:27:10 install libnettle6:amd64 <none> 3.4-1"
"Oct 24, 2022 @ 00:50:05.101","52,621","/var/log/dpkg.log","2022-03-01 19:27:10 install libp11-kit0:amd64 <none> 0.23.9-2"
"Oct 24, 2022 @ 00:50:05.100","52,103","/var/log/dpkg.log","2022-03-01 19:27:10 install libidn2-0:amd64 <none> 2.0.4-1.1build2"
"Oct 24, 2022 @ 00:50:05.099","51,573","/var/log/dpkg.log","2022-03-01 19:27:10 install libgnutls30:amd64 <none> 3.5.18-1ubuntu1"
"Oct 24, 2022 @ 00:50:05.099","51,858","/var/log/dpkg.log","2022-03-01 19:27:10 install libhogweed4:amd64 <none> 3.4-1"
"Oct 24, 2022 @ 00:50:05.098","51,304","/var/log/dpkg.log","2022-03-01 19:27:10 install libgmp10:amd64 <none> 2:6.1.2+dfsg-2"
"Oct 24, 2022 @ 00:50:05.097","50,814","/var/log/dpkg.log","2022-03-01 19:27:10 install libapt-pkg5.0:amd64 <none> 1.6.1"
"Oct 24, 2022 @ 00:50:05.097","51,067","/var/log/dpkg.log","2022-03-01 19:27:10 install libffi6:amd64 <none> 3.2.1-8"
"Oct 24, 2022 @ 00:50:05.096","50,561","/var/log/dpkg.log","2022-03-01 19:27:10 install gpgv:amd64 <none> 2.2.4-1ubuntu1"
"Oct 24, 2022 @ 00:50:05.095","50,038","/var/log/dpkg.log","2022-03-01 19:27:10 install apt:amd64 <none> 1.6.1"
"Oct 24, 2022 @ 00:50:05.095","50,324","/var/log/dpkg.log","2022-03-01 19:27:10 install bzip2:amd64 <none> 1.0.6-8.1"
"Oct 24, 2022 @ 00:50:05.094","49,789","/var/log/dpkg.log","2022-03-01 19:27:09 install adduser:all <none> 3.116ubuntu1"
"Oct 24, 2022 @ 00:50:05.083","10,394","/var/log/alternatives.log","update-alternatives 2022-10-23 16:37:24: run with --install /usr/bin/pico pico /bin/nano 10 --slave /usr/share/man/man1/pico.1.gz pico.1.gz /usr/share/man/man1/nano.1.gz"
"Oct 24, 2022 @ 00:50:05.083","10,651","/var/log/alternatives.log","update-alternatives 2022-10-23 16:48:22: run with --install /bin/mt mt /bin/mt-gnu 10 --slave /usr/share/man/man1/mt.1.gz mt.1.gz /usr/share/man/man1/mt-gnu.1.gz"
"Oct 24, 2022 @ 00:50:05.082","9,501","/var/log/alternatives.log","update-alternatives 2022-10-23 16:37:08: run with --quiet --install /usr/bin/pager pager /bin/less 77 --slave /usr/share/man/man1/pager.1.gz pager.1.gz /usr/share/man/man1/less.1.gz"
"Oct 24, 2022 @ 00:50:05.082","9,858","/var/log/alternatives.log","update-alternatives 2022-10-23 16:37:08: run with --quiet --install /usr/bin/pager pager /bin/less 77 --slave /usr/share/man/man1/pager.1.gz pager.1.gz /usr/share/man/man1/less.1.gz"
"Oct 24, 2022 @ 00:50:05.082","10,127","/var/log/alternatives.log","update-alternatives 2022-10-23 16:37:24: run with --install /usr/bin/editor editor /bin/nano 40 --slave /usr/share/man/man1/editor.1.gz editor.1.gz /usr/share/man/man1/nano.1.gz"
"Oct 24, 2022 @ 00:50:05.081","8,690","/var/log/alternatives.log","update-alternatives 2022-10-23 16:35:06: run with --quiet --install /usr/bin/c89 c89 /usr/bin/c89-gcc 20 --slave /usr/share/man/man1/c89.1.gz c89.1.gz /usr/share/man/man1/c89-gcc.1.gz"
"Oct 24, 2022 @ 00:50:05.081","8,967","/var/log/alternatives.log","update-alternatives 2022-10-23 16:35:06: run with --quiet --install /usr/bin/c99 c99 /usr/bin/c99-gcc 20 --slave /usr/share/man/man1/c99.1.gz c99.1.gz /usr/share/man/man1/c99-gcc.1.gz"
"Oct 24, 2022 @ 00:50:05.081","9,244","/var/log/alternatives.log","update-alternatives 2022-10-23 16:35:11: run with --install /usr/bin/c++ c++ /usr/bin/g++ 20 --slave /usr/share/man/man1/c++.1.gz c++.1.gz /usr/share/man/man1/g++.1.gz"
"Oct 24, 2022 @ 00:50:05.079","8,430","/var/log/alternatives.log","update-alternatives 2022-10-23 16:35:05: run with --quiet --install /usr/bin/cc cc /usr/bin/gcc 20 --slave /usr/share/man/man1/cc.1.gz cc.1.gz /usr/share/man/man1/gcc.1.gz"
"Oct 24, 2022 @ 00:50:05.078","6,041","/var/log/alternatives.log","update-alternatives 2022-10-23 16:34:46: run with --install /usr/bin/fakeroot fakeroot /usr/bin/fakeroot-sysv 50 --slave /usr/share/man/man1/fakeroot.1.gz fakeroot.1.gz /usr/share/man/man1/fakeroot-sysv.1.gz --slave /usr/share/man/man1/faked.1.gz faked.1.gz /usr/share/man/man1/faked-sysv.1.gz --slave /usr/share/man/es/man1/fakeroot.1.gz fakeroot.es.1.gz /usr/share/man/es/man1/fakeroot-sysv.1.gz --slave /usr/share/man/es/man1/faked.1.gz faked.es.1.gz /usr/share/man/es/man1/faked-sysv.1.gz --slave /usr/share/man/fr/man1/fakeroot.1.gz fakeroot.fr.1.gz /usr/share/man/fr/man1/fakeroot-sysv.1.gz --slave /usr/share/man/fr/man1/faked.1.gz faked.fr.1.gz /usr/share/man/fr/man1/faked-sysv.1.gz --slave /usr/share/man/sv/man1/fakeroot.1.gz fakeroot.sv.1.gz /usr/share/man/sv/man1/fakeroot-sysv.1.gz --slave /usr/share/man/sv/man1/faked.1.gz faked.sv.1.gz /usr/share/man/sv/man1/faked-sysv.1.gz"
"Oct 24, 2022 @ 00:50:05.078","7,036","/var/log/alternatives.log","update-alternatives 2022-10-23 16:34:46: run with --install /usr/bin/fakeroot fakeroot /usr/bin/fakeroot-tcp 30 --slave /usr/share/man/man1/fakeroot.1.gz fakeroot.1.gz /usr/share/man/man1/fakeroot-tcp.1.gz --slave /usr/share/man/man1/faked.1.gz faked.1.gz /usr/share/man/man1/faked-tcp.1.gz --slave /usr/share/man/es/man1/fakeroot.1.gz fakeroot.es.1.gz /usr/share/man/es/man1/fakeroot-tcp.1.gz --slave /usr/share/man/es/man1/faked.1.gz faked.es.1.gz /usr/share/man/es/man1/faked-tcp.1.gz --slave /usr/share/man/fr/man1/fakeroot.1.gz fakeroot.fr.1.gz /usr/share/man/fr/man1/fakeroot-tcp.1.gz --slave /usr/share/man/fr/man1/faked.1.gz faked.fr.1.gz /usr/share/man/fr/man1/faked-tcp.1.gz --slave /usr/share/man/sv/man1/fakeroot.1.gz fakeroot.sv.1.gz /usr/share/man/sv/man1/fakeroot-tcp.1.gz --slave /usr/share/man/sv/man1/faked.1.gz faked.sv.1.gz /usr/share/man/sv/man1/faked-tcp.1.gz"
"Oct 24, 2022 @ 00:50:05.078","7,918","/var/log/alternatives.log","update-alternatives 2022-10-23 16:34:52: run with --quiet --install /usr/bin/pinentry pinentry /usr/bin/pinentry-curses 50 --slave /usr/share/man/man1/pinentry.1.gz pinentry.1.gz /usr/share/man/man1/pinentry-curses.1.gz"
"Oct 24, 2022 @ 00:50:05.078","8,244","/var/log/alternatives.log","update-alternatives 2022-10-23 16:34:55: run with --quiet --install /lib/cpp cpp /usr/bin/cpp 10"
"Oct 24, 2022 @ 00:50:05.077","3,367","/var/log/alternatives.log","update-alternatives 2022-03-01 19:27:40: run with --install /usr/bin/pager pager /bin/more 50 --slave /usr/share/man/man1/pager.1.gz pager.1.gz /usr/share/man/man1/more.1.gz"
"Oct 24, 2022 @ 00:50:05.077","3,618","/var/log/alternatives.log","update-alternatives 2022-03-01 19:27:43: run with --install /usr/bin/w w /usr/bin/w.procps 50 --slave /usr/share/man/man1/w.1.gz w.1.gz /usr/share/man/man1/w.procps.1.gz"
"Oct 24, 2022 @ 00:50:05.077","3,788","/var/log/alternatives.log","update-alternatives 2022-03-17 08:21:10: run with --install /usr/bin/lzma lzma /usr/bin/xz 20 --slave /usr/share/man/man1/lzma.1.gz lzma.1.gz /usr/share/man/man1/xz.1.gz --slave /usr/bin/unlzma unlzma /usr/bin/unxz --slave /usr/share/man/man1/unlzma.1.gz unlzma.1.gz /usr/share/man/man1/unxz.1.gz --slave /usr/bin/lzcat lzcat /usr/bin/xzcat --slave /usr/share/man/man1/lzcat.1.gz lzcat.1.gz /usr/share/man/man1/xzcat.1.gz --slave /usr/bin/lzmore lzmore /usr/bin/xzmore --slave /usr/share/man/man1/lzmore.1.gz lzmore.1.gz /usr/share/man/man1/xzmore.1.gz --slave /usr/bin/lzless lzless /usr/bin/xzless --slave /usr/share/man/man1/lzless.1.gz lzless.1.gz /usr/share/man/man1/xzless.1.gz --slave /usr/bin/lzdiff lzdiff /usr/bin/xzdiff --slave /usr/share/man/man1/lzdiff.1.gz lzdiff.1.gz /usr/share/man/man1/xzdiff.1.gz --slave /usr/bin/lzcmp lzcmp /usr/bin/xzcmp --slave /usr/share/man/man1/lzcmp.1.gz lzcmp.1.gz /usr/share/man/man1/xzcmp.1.gz --slave /usr/bin/lzgrep lzgrep /usr/bin/xzgrep --slave /usr/share/man/man1/lzgrep.1.gz lzgrep.1.gz /usr/share/man/man1/xzgrep.1.gz --slave /usr/bin/lzegrep lzegrep /usr/bin/xzegrep --slave /usr/share/man/man1/lzegrep.1.gz lzegrep.1.gz /usr/share/man/man1/xzegrep.1.gz --slave /usr/bin/lzfgrep lzfgrep /usr/bin/xzfgrep --slave /usr/share/man/man1/lzfgrep.1.gz lzfgrep.1.gz /usr/share/man/man1/xzfgrep.1.gz"
"Oct 24, 2022 @ 00:50:05.077","5,222","/var/log/alternatives.log","update-alternatives 2022-03-17 08:21:15: run with --quiet --install /usr/bin/rsh rsh /usr/bin/ssh 20 --slave /usr/share/man/man1/rsh.1.gz rsh.1.gz /usr/share/man/man1/ssh.1.gz"
"Oct 24, 2022 @ 00:50:05.077","5,487","/var/log/alternatives.log","update-alternatives 2022-03-17 08:21:15: run with --quiet --install /usr/bin/rlogin rlogin /usr/bin/slogin 20 --slave /usr/share/man/man1/rlogin.1.gz rlogin.1.gz /usr/share/man/man1/slogin.1.gz"
"Oct 24, 2022 @ 00:50:05.077","5,776","/var/log/alternatives.log","update-alternatives 2022-03-17 08:21:15: run with --quiet --install /usr/bin/rcp rcp /usr/bin/scp 20 --slave /usr/share/man/man1/rcp.1.gz rcp.1.gz /usr/share/man/man1/scp.1.gz"
"Oct 24, 2022 @ 00:50:05.076","2,632","/var/log/alternatives.log","update-alternatives 2022-03-01 19:27:27: run with --install /usr/bin/pager pager /bin/more 50 --slave /usr/share/man/man1/pager.1.gz pager.1.gz /usr/share/man/man1/more.1.gz"
"Oct 24, 2022 @ 00:50:05.076","2,953","/var/log/alternatives.log","update-alternatives 2022-03-01 19:27:33: run with --install /usr/bin/w w /usr/bin/w.procps 50 --slave /usr/share/man/man1/w.1.gz w.1.gz /usr/share/man/man1/w.procps.1.gz"
"Oct 24, 2022 @ 00:50:05.076","3,189","/var/log/alternatives.log","update-alternatives 2022-03-01 19:27:39: run with --install /usr/sbin/rmt rmt /usr/sbin/rmt-tar 50 --slave /usr/share/man/man8/rmt.8.gz rmt.8.gz /usr/share/man/man8/rmt-tar.8.gz"
"Oct 24, 2022 @ 00:50:05.075","1,830","/var/log/alternatives.log","update-alternatives 2022-03-01 19:27:14: run with --quiet --install /usr/bin/awk awk /usr/bin/mawk 5 --slave /usr/share/man/man1/awk.1.gz awk.1.gz /usr/share/man/man1/mawk.1.gz --slave /usr/bin/nawk nawk /usr/bin/mawk --slave /usr/share/man/man1/nawk.1.gz nawk.1.gz /usr/share/man/man1/mawk.1.gz"
"Oct 24, 2022 @ 00:50:05.075","2,386","/var/log/alternatives.log","update-alternatives 2022-03-01 19:27:19: run with --install /usr/sbin/rmt rmt /usr/sbin/rmt-tar 50 --slave /usr/share/man/man8/rmt.8.gz rmt.8.gz /usr/share/man/man8/rmt-tar.8.gz"
"Oct 24, 2022 @ 00:50:05.074","1,568","/var/log/alternatives.log","update-alternatives 2022-03-01 19:27:09: run with --install /usr/bin/w w /usr/bin/w.procps 50 --slave /usr/share/man/man1/w.1.gz w.1.gz /usr/share/man/man1/w.procps.1.gz"
"Oct 24, 2022 @ 00:50:05.073",682,"/var/log/alternatives.log","update-alternatives 2022-03-01 19:27:09: run with --install /usr/share/man/man7/builtins.7.gz builtins.7.gz /usr/share/man/man7/bash-builtins.7.gz 10"
"Oct 24, 2022 @ 00:50:05.073",957,"/var/log/alternatives.log","update-alternatives 2022-03-01 19:27:09: run with --install /usr/sbin/rmt rmt /usr/sbin/rmt-tar 50 --slave /usr/share/man/man8/rmt.8.gz rmt.8.gz /usr/share/man/man8/rmt-tar.8.gz"
"Oct 24, 2022 @ 00:50:05.073","1,229","/var/log/alternatives.log","update-alternatives 2022-03-01 19:27:09: run with --install /usr/bin/pager pager /bin/more 50 --slave /usr/share/man/man1/pager.1.gz pager.1.gz /usr/share/man/man1/more.1.gz"
"Oct 24, 2022 @ 00:50:05.072",0,"/var/log/alternatives.log","update-alternatives 2022-03-01 19:27:05: run with --quiet --install /usr/bin/awk awk /usr/bin/mawk 5 --slave /usr/share/man/man1/awk.1.gz awk.1.gz /usr/share/man/man1/mawk.1.gz --slave /usr/bin/nawk nawk /usr/bin/mawk --slave /usr/share/man/man1/nawk.1.gz nawk.1.gz /usr/share/man/man1/mawk.1.gz"
"Oct 24, 2022 @ 00:50:05.072",386,"/var/log/alternatives.log","update-alternatives 2022-03-01 19:27:08: run with --quiet --install /usr/bin/awk awk /usr/bin/mawk 5 --slave /usr/share/man/man1/awk.1.gz awk.1.gz /usr/share/man/man1/mawk.1.gz --slave /usr/bin/nawk nawk /usr/bin/mawk --slave /usr/share/man/man1/nawk.1.gz nawk.1.gz /usr/share/man/man1/mawk.1.gz"
"Oct 24, 2022 @ 00:50:05.053","24,709","/var/log/dpkg.log","2022-03-01 19:27:08 install util-linux:amd64 <none> 2.31.1-0.4ubuntu3"
"Oct 24, 2022 @ 00:50:05.053","24,998","/var/log/dpkg.log","2022-03-01 19:27:08 install zlib1g:amd64 <none> 1:1.2.11.dfsg-0ubuntu2"
"Oct 24, 2022 @ 00:50:05.052","23,918","/var/log/dpkg.log","2022-03-01 19:27:08 install sensible-utils:all <none> 0.0.12"
"Oct 24, 2022 @ 00:50:05.052","24,171","/var/log/dpkg.log","2022-03-01 19:27:08 install sysvinit-utils:amd64 <none> 2.88dsf-59.10ubuntu1"
"Oct 24, 2022 @ 00:50:05.052","24,488","/var/log/dpkg.log","2022-03-01 19:27:08 install tar:amd64 <none> 1.29b-2"
"Oct 24, 2022 @ 00:50:05.051","23,432","/var/log/dpkg.log","2022-03-01 19:27:08 install procps:amd64 <none> 2:3.3.12-3ubuntu1"
"Oct 24, 2022 @ 00:50:05.051","23,705","/var/log/dpkg.log","2022-03-01 19:27:08 install sed:amd64 <none> 4.4-2"
"Oct 24, 2022 @ 00:50:05.050","22,451","/var/log/dpkg.log","2022-03-01 19:27:07 install ncurses-bin:amd64 <none> 6.1-1ubuntu1"
"Oct 24, 2022 @ 00:50:05.050","22,724","/var/log/dpkg.log","2022-03-01 19:27:07 install passwd:amd64 <none> 1:4.5-1ubuntu1"
"Oct 24, 2022 @ 00:50:05.049","21,913","/var/log/dpkg.log","2022-03-01 19:27:07 install mount:amd64 <none> 2.31.1-0.4ubuntu3"
"Oct 24, 2022 @ 00:50:05.049","22,182","/var/log/dpkg.log","2022-03-01 19:27:07 install ncurses-base:all <none> 6.1-1ubuntu1"
"Oct 24, 2022 @ 00:50:05.048","20,626","/var/log/dpkg.log","2022-03-01 19:27:07 install libzstd1:amd64 <none> 1.3.3+dfsg-2ubuntu1"
"Oct 24, 2022 @ 00:50:05.048","20,915","/var/log/dpkg.log","2022-03-01 19:27:07 install login:amd64 <none> 1:4.5-1ubuntu1"
"Oct 24, 2022 @ 00:50:05.048","21,172","/var/log/dpkg.log","2022-03-01 19:27:07 install lsb-base:all <none> 9.20170808ubuntu1"
"Oct 24, 2022 @ 00:50:05.047","19,301","/var/log/dpkg.log","2022-03-01 19:27:07 install libss2:amd64 <none> 1.44.1-1"
"Oct 24, 2022 @ 00:50:05.047","19,538","/var/log/dpkg.log","2022-03-01 19:27:07 install libsystemd0:amd64 <none> 237-3ubuntu10"
"Oct 24, 2022 @ 00:50:05.047","19,815","/var/log/dpkg.log","2022-03-01 19:27:07 install libtinfo5:amd64 <none> 6.1-1ubuntu1"
"Oct 24, 2022 @ 00:50:05.047","20,080","/var/log/dpkg.log","2022-03-01 19:27:07 install libudev1:amd64 <none> 237-3ubuntu10"
"Oct 24, 2022 @ 00:50:05.047","20,345","/var/log/dpkg.log","2022-03-01 19:27:07 install libuuid1:amd64 <none> 2.31.1-0.4ubuntu3"
"Oct 24, 2022 @ 00:50:05.046","18,490","/var/log/dpkg.log","2022-03-01 19:27:07 install libsemanage1:amd64 <none> 2.7-2build2"
"Oct 24, 2022 @ 00:50:05.046","18,763","/var/log/dpkg.log","2022-03-01 19:27:07 install libsepol1:amd64 <none> 2.7-1"
"Oct 24, 2022 @ 00:50:05.046","19,000","/var/log/dpkg.log","2022-03-01 19:27:07 install libsmartcols1:amd64 <none> 2.31.1-0.4ubuntu3"
"Oct 24, 2022 @ 00:50:05.044","18,201","/var/log/dpkg.log","2022-03-01 19:27:07 install libsemanage-common:all <none> 2.7-2build2"
"Oct 24, 2022 @ 00:50:05.043","16,828","/var/log/dpkg.log","2022-03-01 19:27:07 install libpam-runtime:all <none> 1.1.8-3.6ubuntu2"
"Oct 24, 2022 @ 00:50:05.043","17,121","/var/log/dpkg.log","2022-03-01 19:27:07 install libpam0g:amd64 <none> 1.1.8-3.6ubuntu2"
"Oct 24, 2022 @ 00:50:05.043","17,398","/var/log/dpkg.log","2022-03-01 19:27:07 install libpcre3:amd64 <none> 2:8.39-9"
"Oct 24, 2022 @ 00:50:05.043","17,643","/var/log/dpkg.log","2022-03-01 19:27:07 install libprocps6:amd64 <none> 2:3.3.12-3ubuntu1"
"Oct 24, 2022 @ 00:50:05.043","17,932","/var/log/dpkg.log","2022-03-01 19:27:07 install libselinux1:amd64 <none> 2.7-2build2"
"Oct 24, 2022 @ 00:50:05.042","15,933","/var/log/dpkg.log","2022-03-01 19:27:07 install libncursesw5:amd64 <none> 6.1-1ubuntu1"
"Oct 24, 2022 @ 00:50:05.042","16,210","/var/log/dpkg.log","2022-03-01 19:27:07 install libpam-modules:amd64 <none> 1.1.8-3.6ubuntu2"
"Oct 24, 2022 @ 00:50:05.042","16,511","/var/log/dpkg.log","2022-03-01 19:27:07 install libpam-modules-bin:amd64 <none> 1.1.8-3.6ubuntu2"
"Oct 24, 2022 @ 00:50:05.041","15,126","/var/log/dpkg.log","2022-03-01 19:27:07 install liblzma5:amd64 <none> 5.2.2-1.3"
"Oct 24, 2022 @ 00:50:05.041","15,375","/var/log/dpkg.log","2022-03-01 19:27:07 install libmount1:amd64 <none> 2.31.1-0.4ubuntu3"
"Oct 24, 2022 @ 00:50:05.041","15,660","/var/log/dpkg.log","2022-03-01 19:27:07 install libncurses5:amd64 <none> 6.1-1ubuntu1"
"Oct 24, 2022 @ 00:50:05.040","13,729","/var/log/dpkg.log","2022-03-01 19:27:06 install libfdisk1:amd64 <none> 2.31.1-0.4ubuntu3"
"Oct 24, 2022 @ 00:50:05.040","14,014","/var/log/dpkg.log","2022-03-01 19:27:06 install libgcc1:amd64 <none> 1:8-20180414-1ubuntu2"
"Oct 24, 2022 @ 00:50:05.040","14,307","/var/log/dpkg.log","2022-03-01 19:27:07 install libgcrypt20:amd64 <none> 1.8.1-4ubuntu1"
"Oct 24, 2022 @ 00:50:05.040","14,588","/var/log/dpkg.log","2022-03-01 19:27:07 install libgpg-error0:amd64 <none> 1.27-6"
"Oct 24, 2022 @ 00:50:05.040","14,845","/var/log/dpkg.log","2022-03-01 19:27:07 install liblz4-1:amd64 <none> 0.0~r131-2ubuntu3"
"Oct 24, 2022 @ 00:50:05.039","12,380","/var/log/dpkg.log","2022-03-01 19:27:06 install libcap-ng0:amd64 <none> 0.7.7-3.1"
"Oct 24, 2022 @ 00:50:05.039","12,637","/var/log/dpkg.log","2022-03-01 19:27:06 install libcom-err2:amd64 <none> 1.44.1-1"
"Oct 24, 2022 @ 00:50:05.039","12,894","/var/log/dpkg.log","2022-03-01 19:27:06 install libdb5.3:amd64 <none> 5.3.28-13.1ubuntu1"
"Oct 24, 2022 @ 00:50:05.039","13,179","/var/log/dpkg.log","2022-03-01 19:27:06 install libdebconfclient0:amd64 <none> 0.213ubuntu1"
"Oct 24, 2022 @ 00:50:05.039","13,476","/var/log/dpkg.log","2022-03-01 19:27:06 install libext2fs2:amd64 <none> 1.44.1-1"
"Oct 24, 2022 @ 00:50:05.038","11,114","/var/log/dpkg.log","2022-03-01 19:27:06 install libblkid1:amd64 <none> 2.31.1-0.4ubuntu3"
"Oct 24, 2022 @ 00:50:05.038","11,399","/var/log/dpkg.log","2022-03-01 19:27:06 install libbz2-1.0:amd64 <none> 1.0.6-8.1"
"Oct 24, 2022 @ 00:50:05.038","11,656","/var/log/dpkg.log","2022-03-01 19:27:06 install libc-bin:amd64 <none> 2.27-3ubuntu1"
"Oct 24, 2022 @ 00:50:05.037","9,729","/var/log/dpkg.log","2022-03-01 19:27:06 install init-system-helpers:all <none> 1.51"
"Oct 24, 2022 @ 00:50:05.037","9,994","/var/log/dpkg.log","2022-03-01 19:27:06 install libacl1:amd64 <none> 2.2.52-3build1"
"Oct 24, 2022 @ 00:50:05.037","10,259","/var/log/dpkg.log","2022-03-01 19:27:06 install libattr1:amd64 <none> 1:2.4.47-2build1"
"Oct 24, 2022 @ 00:50:05.037","10,536","/var/log/dpkg.log","2022-03-01 19:27:06 install libaudit-common:all <none> 1:2.8.2-1ubuntu1"
"Oct 24, 2022 @ 00:50:05.037","10,833","/var/log/dpkg.log","2022-03-01 19:27:06 install libaudit1:amd64 <none> 1:2.8.2-1ubuntu1"
"Oct 24, 2022 @ 00:50:05.036","8,444","/var/log/dpkg.log","2022-03-01 19:27:05 install findutils:amd64 <none> 4.6.0+git+20170828-2"
"Oct 24, 2022 @ 00:50:05.036","8,741","/var/log/dpkg.log","2022-03-01 19:27:06 install gcc-8-base:amd64 <none> 8-20180414-1ubuntu2"
"Oct 24, 2022 @ 00:50:05.036","9,038","/var/log/dpkg.log","2022-03-01 19:27:06 install grep:amd64 <none> 3.1-2"
"Oct 24, 2022 @ 00:50:05.036","9,255","/var/log/dpkg.log","2022-03-01 19:27:06 install gzip:amd64 <none> 1.6-5ubuntu1"
"Oct 24, 2022 @ 00:50:05.036","9,500","/var/log/dpkg.log","2022-03-01 19:27:06 install hostname:amd64 <none> 3.20"
"Oct 24, 2022 @ 00:50:05.035","7,213","/var/log/dpkg.log","2022-03-01 19:27:05 install diffutils:amd64 <none> 1:3.6-1"
"Oct 24, 2022 @ 00:50:05.035","7,926","/var/log/dpkg.log","2022-03-01 19:27:05 install e2fsprogs:amd64 <none> 1.44.1-1"
"Oct 24, 2022 @ 00:50:05.035","8,175","/var/log/dpkg.log","2022-03-01 19:27:05 install fdisk:amd64 <none> 2.31.1-0.4ubuntu3"
"Oct 24, 2022 @ 00:50:05.034","21,587","/var/log/apt/history.log","Install: libpcap0.8:amd64 (1.8.1-6ubuntu1.18.04.2)"
"Oct 24, 2022 @ 00:50:05.034","6,968","/var/log/dpkg.log","2022-03-01 19:27:05 install debianutils:amd64 <none> 4.8.4"
"Oct 24, 2022 @ 00:50:05.033","6,506","/var/log/dpkg.log","2022-03-01 19:27:05 install dash:amd64 <none> 0.5.8-2.10"
"Oct 24, 2022 @ 00:50:05.033","21,417","/var/log/apt/history.log","Commandline: apt install s-nail"
"Oct 24, 2022 @ 00:50:05.033","21,449","/var/log/apt/history.log","Install: s-nail:amd64 (14.9.6-3)"
"Oct 24, 2022 @ 00:50:05.033","6,743","/var/log/dpkg.log","2022-03-01 19:27:05 install debconf:all <none> 1.5.66"
"Oct 24, 2022 @ 00:50:05.033","21,547","/var/log/apt/history.log","Commandline: apt-get install libpcap0.8"
"Oct 24, 2022 @ 00:50:05.032","5,691","/var/log/dpkg.log","2022-03-01 19:27:05 install bash:amd64 <none> 4.4.18-2ubuntu1"
"Oct 24, 2022 @ 00:50:05.032","5,948","/var/log/dpkg.log","2022-03-01 19:27:05 install bsdutils:amd64 <none> 1:2.31.1-0.4ubuntu3"
"Oct 24, 2022 @ 00:50:05.032","6,237","/var/log/dpkg.log","2022-03-01 19:27:05 install coreutils:amd64 <none> 8.28-1ubuntu1"
"Oct 24, 2022 @ 00:50:05.032","21,172","/var/log/apt/history.log","Commandline: apt-get install --assume-yes postfix"
"Oct 24, 2022 @ 00:50:05.032","21,222","/var/log/apt/history.log","Install: postfix:amd64 (3.3.0-1ubuntu0.4), ssl-cert:amd64 (1.0.39, automatic), cpio:amd64 (2.12+dfsg-6ubuntu0.18.04.4, automatic)"
"Oct 24, 2022 @ 00:50:05.031","21,031","/var/log/apt/history.log","Commandline: apt install -y rsync"
"Oct 24, 2022 @ 00:50:05.031","21,065","/var/log/apt/history.log","Install: rsync:amd64 (3.1.2-2.1ubuntu1.5)"
"Oct 24, 2022 @ 00:50:05.030","19,591","/var/log/apt/history.log","Install: python3-dev:amd64 (3.6.7-1~18.04, automatic), python3-distutils:amd64 (3.6.9-1~18.04, automatic), libpython3.6-dev:amd64 (3.6.9-1~18.04ubuntu1.8, automatic), libexpat1-dev:amd64 (2.2.5-3ubuntu0.7, automatic), python3-asn1crypto:amd64 (0.24.0-1, automatic), python3-pip:amd64 (9.0.1-2.3~ubuntu1.18.04.5), python3-keyring:amd64 (10.6.0-1, automatic), python3-wheel:amd64 (0.30.0-0.2, automatic), libpython3.6:amd64 (3.6.9-1~18.04ubuntu1.8, automatic), python3-xdg:amd64 (0.25-4ubuntu1.1, automatic), python3-cryptography:amd64 (2.1.4-1ubuntu1.4, automatic), python3-cffi-backend:amd64 (1.11.5-1, automatic), python3-lib2to3:amd64 (3.6.9-1~18.04, automatic), dh-python:amd64 (3.20180325ubuntu2, automatic), python3-keyrings.alt:amd64 (3.0-1, automatic), python3-crypto:amd64 (2.6.1-8ubuntu2, automatic), libpython3-dev:amd64 (3.6.7-1~18.04, automatic), python3.6-dev:amd64 (3.6.9-1~18.04ubuntu1.8, automatic), python3-secretstorage:amd64 (2.3.1-2, automatic), python-pip-whl:amd64 (9.0.1-2.3~ubuntu1.18.04.5, automatic), python3-setuptools:amd64 (39.0.1-2, automatic)"
"Oct 24, 2022 @ 00:50:05.029","19,551","/var/log/apt/history.log","Commandline: apt install python3-pip -y"
"Oct 24, 2022 @ 00:50:05.028","19,264","/var/log/apt/history.log","Commandline: apt install git -y"
"Oct 24, 2022 @ 00:50:05.028","19,296","/var/log/apt/history.log","Install: git-man:amd64 (1:2.17.1-1ubuntu0.13, automatic), git:amd64 (1:2.17.1-1ubuntu0.13), libcurl3-gnutls:amd64 (7.58.0-2ubuntu3.20, automatic), liberror-perl:amd64 (0.17025-1, automatic)"
"Oct 24, 2022 @ 00:50:05.027","4,152","/var/log/dpkg.log","2022-03-01 19:27:05 startup archives install"
"Oct 24, 2022 @ 00:50:05.027","19,127","/var/log/apt/history.log","Commandline: apt-get install -y sshpass"
"Oct 24, 2022 @ 00:50:05.027","19,167","/var/log/apt/history.log","Install: sshpass:amd64 (1.06-1)"
"Oct 24, 2022 @ 00:50:05.027","4,197","/var/log/dpkg.log","2022-03-01 19:27:05 install mawk:amd64 <none> 1.3.3-17ubuntu3"
"Oct 24, 2022 @ 00:50:05.026","3,603","/var/log/dpkg.log","2022-03-01 19:27:05 startup archives install"
"Oct 24, 2022 @ 00:50:05.026","18,665","/var/log/apt/history.log","Commandline: apt install iproute2 -y"
"Oct 24, 2022 @ 00:50:05.026","18,702","/var/log/apt/history.log","Install: libelf1:amd64 (0.170-0.4ubuntu0.1, automatic), libatm1:amd64 (1:2.5.1-2build1, automatic), iproute2:amd64 (4.15.0-2ubuntu1.3), libxtables12:amd64 (1.6.1-2ubuntu2, automatic), libmnl0:amd64 (1.0.4-2, automatic)"
"Oct 24, 2022 @ 00:50:05.026","18,986","/var/log/apt/history.log","Commandline: apt-get install -y apt-utils"
"Oct 24, 2022 @ 00:50:05.026","19,028","/var/log/apt/history.log","Install: apt-utils:amd64 (1.6.14)"
"Oct 24, 2022 @ 00:50:05.026","3,648","/var/log/dpkg.log","2022-03-01 19:27:05 install perl-base:amd64 <none> 5.26.1-6"
"Oct 24, 2022 @ 00:50:05.025","18,537","/var/log/apt/history.log","Commandline: apt install -y nano"
"Oct 24, 2022 @ 00:50:05.025","18,570","/var/log/apt/history.log","Install: nano:amd64 (2.9.3-2)"
"Oct 24, 2022 @ 00:50:05.024","18,271","/var/log/apt/history.log","Commandline: apt install -y less"
"Oct 24, 2022 @ 00:50:05.024","18,304","/var/log/apt/history.log","Install: less:amd64 (487-0.1)"
"Oct 24, 2022 @ 00:50:05.024","18,399","/var/log/apt/history.log","Commandline: apt install -y unzip"
"Oct 24, 2022 @ 00:50:05.024","18,433","/var/log/apt/history.log","Install: unzip:amd64 (6.0-21ubuntu1.2)"
"Oct 24, 2022 @ 00:50:05.023","17,807","/var/log/apt/history.log","Install: iso-codes:amd64 (3.79-1, automatic), libapt-inst2.0:amd64 (1.6.14, automatic), python3-software-properties:amd64 (0.96.24.32.18, automatic), powermgmt-base:amd64 (1.33, automatic), python-apt-common:amd64 (1.6.5ubuntu0.7, automatic), unattended-upgrades:amd64 (1.1ubuntu1.18.04.14, automatic), python3-apt:amd64 (1.6.5ubuntu0.7, automatic), software-properties-common:amd64 (0.96.24.32.18)"
"Oct 24, 2022 @ 00:50:05.023","2,979","/var/log/dpkg.log","2022-03-01 19:27:04 startup archives install"
"Oct 24, 2022 @ 00:50:05.023","3,024","/var/log/dpkg.log","2022-03-01 19:27:04 install libc6:amd64 <none> 2.27-3ubuntu1"
"Oct 24, 2022 @ 00:50:05.022","17,503","/var/log/apt/history.log","Commandline: apt-get install -y iputils-ping"
"Oct 24, 2022 @ 00:50:05.022","17,548","/var/log/apt/history.log","Install: libpam-cap:amd64 (1:2.25-1.2, automatic), libcap2-bin:amd64 (1:2.25-1.2, automatic), iputils-ping:amd64 (3:20161105-1ubuntu3)"
"Oct 24, 2022 @ 00:50:05.022","17,748","/var/log/apt/history.log","Commandline: apt-get -y install software-properties-common"
"Oct 24, 2022 @ 00:50:05.021","16,761","/var/log/apt/history.log","Commandline: apt install -y rsyslog"
"Oct 24, 2022 @ 00:50:05.021","16,797","/var/log/apt/history.log","Install: libpopt0:amd64 (1.16-11, automatic), libfastjson4:amd64 (0.99.8-2, automatic), rsyslog:amd64 (8.32.0-1ubuntu4.2), libestr0:amd64 (0.1.10-2.1, automatic), logrotate:amd64 (3.11.0-0.1ubuntu1, automatic), cron:amd64 (3.0pl1-128.1ubuntu1.2, automatic)"
"Oct 24, 2022 @ 00:50:05.021","17,119","/var/log/apt/history.log","Commandline: apt install curl -y"
"Oct 24, 2022 @ 00:50:05.021","17,335","/var/log/apt/history.log","Commandline: apt-get -y install net-tools"
"Oct 24, 2022 @ 00:50:05.021","17,377","/var/log/apt/history.log","Install: net-tools:amd64 (1.60+git20161116.90da8a0-1ubuntu1)"
"Oct 24, 2022 @ 00:50:05.020","7,801","/var/log/apt/history.log","Commandline: apt-get install -y locales curl lsb-release openssh-server sudo python"
"Oct 24, 2022 @ 00:50:05.020","7,885","/var/log/apt/history.log","Install: libgssapi3-heimdal:amd64 (7.5.0+dfsg-1, automatic), libxdmcp6:amd64 (1:1.1.2-3, automatic), libdevmapper1.02.1:amd64 (2:1.02.145-4.1ubuntu3.18.04.3, automatic), dmsetup:amd64 (2:1.02.145-4.1ubuntu3.18.04.3, automatic), libkrb5-3:amd64 (1.16-2ubuntu0.2, automatic), libgssapi-krb5-2:amd64 (1.16-2ubuntu0.2, automatic), libpython3.6-minimal:amd64 (3.6.9-1~18.04ubuntu1.6, automatic), libnghttp2-14:amd64 (1.30.0-1ubuntu1, automatic), libdbus-1-3:amd64 (1.12.2-1ubuntu1.2, automatic), libwind0-heimdal:amd64 (7.5.0+dfsg-1, automatic), networkd-dispatcher:amd64 (1.7-0ubuntu3.3, automatic), publicsuffix:amd64 (20180223.1310-1, automatic), libsasl2-modules-db:amd64 (2.1.27~101-g0780600+dfsg-3ubuntu2.4, automatic), libcurl4:amd64 (7.58.0-2ubuntu3.16, automatic), libldap-2.4-2:amd64 (2.4.45+dfsg-1ubuntu1.10, automatic), openssl:amd64 (1.1.1-1ubuntu2.1~18.04.15, automatic), libgirepository-1.0-1:amd64 (1.56.1-1, automatic), libargon2-0:amd64 (0~20161029-1.1, automatic), xdg-user-dirs:amd64 (0.17-1ubuntu1, automatic), libheimntlm0-heimdal:amd64 (7.5.0+dfsg-1, automatic), dbus:amd64 (1.12.2-1ubuntu1.2, automatic), libkmod2:amd64 (24-1ubuntu3.5, automatic), libpsl5:amd64 (0.19.1-5build1, automatic), python2.7-minimal:amd64 (2.7.17-1~18.04ubuntu1.6, automatic), libsqlite3-0:amd64 (3.22.0-1ubuntu0.4, automatic), libpython3.6-stdlib:amd64 (3.6.9-1~18.04ubuntu1.6, automatic), libicu60:amd64 (60.2-3ubuntu3.2, automatic), python3-urllib3:amd64 (1.22-1ubuntu0.18.04.2, automatic), libbsd0:amd64 (0.8.7-1ubuntu0.1, automatic), libwrap0:amd64 (7.6.q-27, automatic), sudo:amd64 (1.8.21p2-3ubuntu1.4), python2.7:amd64 (2.7.17-1~18.04ubuntu1.6, automatic), libheimbase1-heimdal:amd64 (7.5.0+dfsg-1, automatic), python3.6:amd64 (3.6.9-1~18.04ubuntu1.6, automatic), openssh-sftp-server:amd64 (1:7.6p1-4ubuntu0.6, automatic), python3:amd64 (3.6.7-1~18.04, automatic), libk5crypto3:amd64 (1.16-2ubuntu0.2, automatic), python3-idna:amd64 (2.6-1, automatic), locales:amd64 (2.27-3ubuntu1.5), mime-support:amd64 (3.60ubuntu1, automatic), python3-six:amd64 (1.11.0-2, automatic), libsasl2-2:amd64 (2.1.27~101-g0780600+dfsg-3ubuntu2.4, automatic), readline-common:amd64 (7.0-3, automatic), libmagic1:amd64 (1:5.32-2ubuntu0.4, automatic), python:amd64 (2.7.15~rc1-1), libmpdec2:amd64 (2.4.2-1ubuntu1, automatic), libx11-6:amd64 (2:1.6.4-3ubuntu0.4, automatic), python3-requests:amd64 (2.18.4-2ubuntu0.1, automatic), libexpat1:amd64 (2.2.5-3ubuntu0.7, automatic), libapparmor1:amd64 (2.12-4ubuntu5.1, automatic), krb5-locales:amd64 (1.16-2ubuntu0.2, automatic), python3.6-minimal:amd64 (3.6.9-1~18.04ubuntu1.6, automatic), libpython-stdlib:amd64 (2.7.15~rc1-1, automatic), python3-minimal:amd64 (3.6.7-1~18.04, automatic), libxau6:amd64 (1:1.0.8-1ubuntu1, automatic), librtmp1:amd64 (2.4+20151223.gitfa8646d.1-1, automatic), libmagic-mgc:amd64 (1:5.32-2ubuntu0.4, automatic), libsasl2-modules:amd64 (2.1.27~101-g0780600+dfsg-3ubuntu2.4, automatic), gir1.2-glib-2.0:amd64 (1.56.1-1, automatic), libxcb1:amd64 (1.13-2~ubuntu18.04, automatic), libkrb5support0:amd64 (1.16-2ubuntu0.2, automatic), libcap2:amd64 (1:2.25-1.2, automatic), libpython3-stdlib:amd64 (3.6.7-1~18.04, automatic), systemd-sysv:amd64 (237-3ubuntu10.53, automatic), libldap-common:amd64 (2.4.45+dfsg-1ubuntu1.10, automatic), libhcrypto4-heimdal:amd64 (7.5.0+dfsg-1, automatic), ucf:amd64 (3.0038, automatic), libkeyutils1:amd64 (1.5.9-9.2ubuntu2, automatic), libxmuu1:amd64 (2:1.1.2-2, automatic), libpam-systemd:amd64 (237-3ubuntu10.53, automatic), distro-info-data:amd64 (0.37ubuntu0.13, automatic), xz-utils:amd64 (5.2.2-1.3, automatic), ncurses-term:amd64 (6.1-1ubuntu1.18.04, automatic), python3-pkg-resources:amd64 (39.0.1-2, automatic), shared-mime-info:amd64 (1.9-2, automatic), systemd:amd64 (237-3ubuntu10.53, automatic), openssh-server:amd64 (1:7.6p1-4ubuntu0.6), libx11-data:amd64 (2:1.6.4-3ubuntu0.4, automatic), libreadline7:amd64 (7.0-3, automatic), openssh-client:amd64 (1:7.6p1-4ubuntu0.6, automatic), libnss-systemd:amd64 (237-3ubuntu10.53, automatic), python3-dbus:amd64 (1.2.6-1, automatic), libglib2.0-data:amd64 (2.56.4-0ubuntu0.18.04.9, automatic), lsb-release:amd64 (9.20170808ubuntu1), libxml2:amd64 (2.9.4+dfsg1-6.1ubuntu1.5, automatic), file:amd64 (1:5.32-2ubuntu0.4, automatic), python3-gi:amd64 (3.26.1-2ubuntu1, automatic), libidn11:amd64 (1.33-2.1ubuntu1.2, automatic), libpython2.7-minimal:amd64 (2.7.17-1~18.04ubuntu1.6, automatic), multiarch-support:amd64 (2.27-3ubuntu1.5, automatic), libedit2:amd64 (3.1-20170329-1, automatic), libroken18-heimdal:amd64 (7.5.0+dfsg-1, automatic), ca-certificates:amd64 (20210119~18.04.2, automatic), xauth:amd64 (1:1.0.10-1, automatic), ssh-import-id:amd64 (5.7-0ubuntu1.1, automatic), libasn1-8-heimdal:amd64 (7.5.0+dfsg-1, automatic), libkrb5-26-heimdal:amd64 (7.5.0+dfsg-1, automatic), wget:amd64 (1.19.4-1ubuntu2.2, automatic), libcryptsetup12:amd64 (2:2.0.2-1ubuntu1.2, automatic), libssl1.1:amd64 (1.1.1-1ubuntu2.1~18.04.15, automatic), libjson-c3:amd64 (0.12.1-1.3ubuntu0.3, automatic), libpython2.7-stdlib:amd64 (2.7.17-1~18.04ubuntu1.6, automatic), curl:amd64 (7.58.0-2ubuntu3.16), libhx509-5-heimdal:amd64 (7.5.0+dfsg-1, automatic), libip4tc0:amd64 (1.6.1-2ubuntu2, automatic), python3-certifi:amd64 (2018.1.18-2, automatic), python3-chardet:amd64 (3.0.4-1, automatic), python-minimal:amd64 (2.7.15~rc1-1, automatic), libglib2.0-0:amd64 (2.56.4-0ubuntu0.18.04.9, automatic), libssl1.0.0:amd64 (1.0.2n-1ubuntu5.8, automatic), libxext6:amd64 (2:1.3.3-1, automatic)"
"Oct 24, 2022 @ 00:50:05.020","13,452","/var/log/apt/history.log","Commandline: apt install build-essential -y"
"Oct 24, 2022 @ 00:50:05.020","13,496","/var/log/apt/history.log","Install: libmpc3:amd64 (1.1.0-1, automatic), libgcc-7-dev:amd64 (7.5.0-3ubuntu1~18.04, automatic), manpages:amd64 (4.15-1, automatic), libmpx2:amd64 (8.4.0-1ubuntu1~18.04, automatic), gnupg-utils:amd64 (2.2.4-1ubuntu1.6, automatic), linux-libc-dev:amd64 (4.15.0-194.205, automatic), gpg-wks-client:amd64 (2.2.4-1ubuntu1.6, automatic), libmpfr6:amd64 (4.0.1-1, automatic), gnupg-l10n:amd64 (2.2.4-1ubuntu1.6, automatic), libfakeroot:amd64 (1.22-2ubuntu1, automatic), libc6-dev:amd64 (2.27-3ubuntu1.6, automatic), libksba8:amd64 (1.3.5-2ubuntu0.18.04.1, automatic), cpp-7:amd64 (7.5.0-3ubuntu1~18.04, automatic), libalgorithm-diff-perl:amd64 (1.19.03-1, automatic), libalgorithm-merge-perl:amd64 (0.08-3, automatic), binutils:amd64 (2.30-21ubuntu1~18.04.7, automatic), cpp:amd64 (4:7.4.0-1ubuntu2.3, automatic), libitm1:amd64 (8.4.0-1ubuntu1~18.04, automatic), g++:amd64 (4:7.4.0-1ubuntu2.3, automatic), perl-modules-5.26:amd64 (5.26.1-6ubuntu0.6, automatic), gpg-wks-server:amd64 (2.2.4-1ubuntu1.6, automatic), netbase:amd64 (5.4, automatic), gcc-7-base:amd64 (7.5.0-3ubuntu1~18.04, automatic), gcc:amd64 (4:7.4.0-1ubuntu2.3, automatic), liblocale-gettext-perl:amd64 (1.07-3build2, automatic), gpg:amd64 (2.2.4-1ubuntu1.6, automatic), libcilkrts5:amd64 (7.5.0-3ubuntu1~18.04, automatic), libasan4:amd64 (7.5.0-3ubuntu1~18.04, automatic), libquadmath0:amd64 (8.4.0-1ubuntu1~18.04, automatic), libassuan0:amd64 (2.5.1-2, automatic), libisl19:amd64 (0.19-1, automatic), build-essential:amd64 (12.4ubuntu1), libfile-fcntllock-perl:amd64 (0.22-3build2, automatic), dirmngr:amd64 (2.2.4-1ubuntu1.6, automatic), libperl5.26:amd64 (5.26.1-6ubuntu0.6, automatic), binutils-x86-64-linux-gnu:amd64 (2.30-21ubuntu1~18.04.7, automatic), libstdc++-7-dev:amd64 (7.5.0-3ubuntu1~18.04, automatic), libtsan0:amd64 (8.4.0-1ubuntu1~18.04, automatic), libubsan0:amd64 (7.5.0-3ubuntu1~18.04, automatic), g++-7:amd64 (7.5.0-3ubuntu1~18.04, automatic), make:amd64 (4.1-9.1ubuntu1, automatic), fakeroot:amd64 (1.22-2ubuntu1, automatic), libgdbm5:amd64 (1.14.1-6, automatic), gcc-7:amd64 (7.5.0-3ubuntu1~18.04, automatic), liblsan0:amd64 (8.4.0-1ubuntu1~18.04, automatic), libgomp1:amd64 (8.4.0-1ubuntu1~18.04, automatic), manpages-dev:amd64 (4.15-1, automatic), binutils-common:amd64 (2.30-21ubuntu1~18.04.7, automatic), libc-dev-bin:amd64 (2.27-3ubuntu1.6, automatic), libbinutils:amd64 (2.30-21ubuntu1~18.04.7, automatic), perl:amd64 (5.26.1-6ubuntu0.6, automatic), libatomic1:amd64 (8.4.0-1ubuntu1~18.04, automatic), gnupg:amd64 (2.2.4-1ubuntu1.6, automatic), libcc1-0:amd64 (8.4.0-1ubuntu1~18.04, automatic), libgdbm-compat4:amd64 (1.14.1-6, automatic), pinentry-curses:amd64 (1.1.0-1, automatic), libnpth0:amd64 (1.5-3, automatic), libdpkg-perl:amd64 (1.19.0.5ubuntu2.4, automatic), patch:amd64 (2.7.6-2ubuntu1.1, automatic), gpg-agent:amd64 (2.2.4-1ubuntu1.6, automatic), libalgorithm-diff-xs-perl:amd64 (0.04-5, automatic), gpgconf:amd64 (2.2.4-1ubuntu1.6, automatic), gpgsm:amd64 (2.2.4-1ubuntu1.6, automatic), dpkg-dev:amd64 (1.19.0.5ubuntu2.4, automatic)"
"Oct 24, 2022 @ 00:50:05.019","1,911","/var/log/dpkg.log","2022-03-01 19:27:04 startup archives install"
"Oct 24, 2022 @ 00:50:05.018","4,458","/var/log/apt/history.log","Commandline: apt-get --yes -oDebug::pkgDepCache::AutoInstall=yes --force-yes upgrade"
"Oct 24, 2022 @ 00:50:05.017",34,"/var/log/apt/history.log","Commandline: apt-get install --reinstall adduser apt base-files base-passwd bash bsdutils bzip2 coreutils dash debconf debianutils diffutils dpkg e2fsprogs fdisk findutils gcc-8-base:amd64 gpgv grep gzip hostname init-system-helpers libacl1:amd64 libapt-pkg5.0:amd64 libattr1:amd64 libaudit-common libaudit1:amd64 libblkid1:amd64 libbz2-1.0:amd64 libc-bin libc6:amd64 libcap-ng0:amd64 libcom-err2:amd64 libdb5.3:amd64 libdebconfclient0:amd64 libext2fs2:amd64 libfdisk1:amd64 libffi6:amd64 libgcc1:amd64 libgcrypt20:amd64 libgmp10:amd64 libgnutls30:amd64 libgpg-error0:amd64 libhogweed4:amd64 libidn2-0:amd64 liblz4-1:amd64 liblzma5:amd64 libmount1:amd64 libncurses5:amd64 libncursesw5:amd64 libnettle6:amd64 libp11-kit0:amd64 libpam-modules:amd64 libpam-modules-bin libpam-runtime libpam0g:amd64 libpcre3:amd64 libprocps6:amd64 libseccomp2:amd64 libselinux1:amd64 libsemanage-common libsemanage1:amd64 libsepol1:amd64 libsmartcols1:amd64 libss2:amd64 libstdc++6:amd64 libsystemd0:amd64 libtasn1-6:amd64 libtinfo5:amd64 libudev1:amd64 libunistring2:amd64 libuuid1:amd64 libzstd1:amd64 login lsb-base mawk mount ncurses-base ncurses-bin passwd perl-base procps sed sensible-utils sysvinit-utils tar ubuntu-keyring util-linux zlib1g:amd64"
"Oct 24, 2022 @ 00:50:05.017","4,240","/var/log/apt/history.log","Commandline: apt-get --yes -oDebug::pkgDepCache::AutoInstall=yes install ubuntu-keyring"
"Oct 24, 2022 @ 00:50:05.012",547,"/var/log/dpkg.log","2022-03-01 19:27:04 startup archives install"
"Oct 24, 2022 @ 00:50:05.012",592,"/var/log/dpkg.log","2022-03-01 19:27:04 install base-files:amd64 <none> 10.1ubuntu2"
"Oct 24, 2022 @ 00:50:05.009",45,"/var/log/dpkg.log","2022-03-01 19:27:04 install base-passwd:amd64 <none> 3.5.44"
"Oct 24, 2022 @ 00:50:05.008",0,"/var/log/dpkg.log","2022-03-01 19:27:04 startup archives install"
