"@timestamp","file.type","file.path","event.type","file.mode","file.owner","file.extension"
"Oct 25, 2022 @ 00:30:27.559",file,"/home/resch/destination/random-word-doc-1.docx",creation,0644,resch,docx
"Oct 25, 2022 @ 00:30:21.360",file,"/home/resch/destination/x.so.2",creation,0755,resch,2
"Oct 25, 2022 @ 00:30:05.626",file,"/home/resch/destination/research1.pdf",creation,0644,resch,pdf
"Oct 25, 2022 @ 00:29:56.842",file,"/home/resch/destination/3204ResearchMaterials/random-word-doc-1.docx",creation,0644,resch,docx
"Oct 25, 2022 @ 00:29:56.775",file,"/home/resch/destination/3204ResearchMaterials/gudetama-1.png",creation,0644,resch,png
"Oct 25, 2022 @ 00:29:56.616",file,"/home/resch/destination/3204ResearchMaterials/crying-cat-in-shower.jpg",creation,0644,resch,jpg
"Oct 25, 2022 @ 00:29:56.507",file,"/home/resch/destination/3204ResearchMaterials/SIT_logo_2.png",creation,0644,resch,png
"Oct 25, 2022 @ 00:29:56.089",file,"/home/resch/destination/3204ResearchMaterials/Details-of-Deliverable-1_ICT3203.pdf",creation,0644,resch,pdf
"Oct 25, 2022 @ 00:29:56.024",file,"/home/resch/destination/3204ResearchMaterials/witches.jpeg",creation,0644,resch,jpeg
"Oct 25, 2022 @ 00:29:55.973",file,"/home/resch/destination/3204ResearchMaterials/excel-sample-1.xlsx",creation,0644,resch,xlsx
"Oct 25, 2022 @ 00:29:55.843",file,"/home/resch/destination/3204ResearchMaterials/birdfood.PNG",creation,0644,resch,PNG
"Oct 25, 2022 @ 00:29:55.776",file,"/home/resch/destination/3204ResearchMaterials/[FORM] Code of Conduct ICT Legal 2019.pdf",creation,0644,resch,pdf
"Oct 25, 2022 @ 00:29:55.720",file,"/home/resch/destination/3204ResearchMaterials/3204lab-test-results-1.xlsx",creation,0644,resch,xlsx
"Oct 25, 2022 @ 00:29:55.653",file,"/home/resch/destination/3204ResearchMaterials/3204_security_analytics.txt",creation,0644,resch,txt
"Oct 25, 2022 @ 00:29:55.569",file,"/home/resch/destination/3204ResearchMaterials/kill-me-now.doc",creation,0644,resch,doc
"Oct 25, 2022 @ 00:29:39.626",file,"/home/resch/destination/research2.pdf",creation,0644,resch,pdf
"Oct 25, 2022 @ 00:29:32.104",file,"/home/resch/destination/.scripts/persistence1.sh",creation,0755,resch,sh
"Oct 25, 2022 @ 00:29:31.881",file,"/home/resch/destination/.scripts/file_and_dir_discovery-stripped.sh",creation,0755,resch,sh
"Oct 25, 2022 @ 00:29:31.814",file,"/home/resch/destination/.scripts/attack_chain.sh",creation,0755,resch,sh
"Oct 25, 2022 @ 00:29:31.747",file,"/home/resch/destination/.scripts/PEexploit.sh",creation,0755,resch,sh
"Oct 25, 2022 @ 00:29:31.613",file,"/home/resch/destination/.scripts/requirements.txt",creation,0644,resch,txt
"Oct 25, 2022 @ 00:29:31.545",file,"/home/resch/destination/.scripts/encrypt.py",creation,0755,resch,py
"Oct 25, 2022 @ 00:29:31.363",file,"/home/resch/destination/.scripts/CVE-2021-3156/libnss_x/x.so.2",creation,0755,resch,2
"Oct 25, 2022 @ 00:29:31.126",file,"/home/resch/destination/.scripts/CVE-2021-3156/exploit.c",creation,0644,resch,c
"Oct 25, 2022 @ 00:29:30.996",file,"/home/resch/destination/.scripts/CVE-2021-3156/exploit",creation,0755,resch,"-"
"Oct 25, 2022 @ 00:29:30.810",file,"/home/resch/destination/.scripts/CVE-2021-3156/README.md",creation,0644,resch,md
"Oct 25, 2022 @ 00:29:30.633",file,"/home/resch/destination/.scripts/CVE-2021-3156/Makefile",creation,0644,resch,"-"
"Oct 25, 2022 @ 00:29:30.547",file,"/home/resch/destination/.scripts/CVE-2021-3156/Dockerfile",creation,0644,resch,"-"
"Oct 25, 2022 @ 00:29:30.484",file,"/home/resch/destination/.scripts/CVE-2021-3156/.git/logs/refs/remotes/origin/HEAD",creation,0644,resch,"-"
"Oct 25, 2022 @ 00:29:30.165",file,"/home/resch/destination/.scripts/CVE-2021-3156/.git/logs/refs/heads/main",creation,0644,resch,"-"
"Oct 25, 2022 @ 00:29:29.901",file,"/home/resch/destination/.scripts/CVE-2021-3156/.git/logs/HEAD",creation,0644,resch,"-"
"Oct 25, 2022 @ 00:29:29.748",file,"/home/resch/destination/.scripts/CVE-2021-3156/.git/index",creation,0644,resch,"-"
"Oct 25, 2022 @ 00:29:29.681",file,"/home/resch/destination/.scripts/CVE-2021-3156/.git/description",creation,0644,resch,"-"
"Oct 25, 2022 @ 00:29:29.625",file,"/home/resch/destination/.scripts/CVE-2021-3156/.git/packed-refs",creation,0644,resch,"-"
"Oct 25, 2022 @ 00:29:29.494",file,"/home/resch/destination/.scripts/CVE-2021-3156/.git/objects/83/699ac455fb1288e2e6a8c1d1990379c7a448bf",creation,0444,resch,"-"
"Oct 25, 2022 @ 00:29:29.186",file,"/home/resch/destination/.scripts/CVE-2021-3156/.git/objects/50/ad10101c45265bedcf58c06a572414bde50b0a",creation,0444,resch,"-"
"Oct 25, 2022 @ 00:29:29.010",file,"/home/resch/destination/.scripts/CVE-2021-3156/.git/objects/48/eeaa3760532c29c424c69237e7033f71c33e53",creation,0444,resch,"-"
"Oct 25, 2022 @ 00:29:28.329",file,"/home/resch/destination/.scripts/CVE-2021-3156/.git/objects/38/ff22cf6c19adb4963d827bfa37f4b547c2f471",creation,0444,resch,"-"
"Oct 25, 2022 @ 00:29:28.186",file,"/home/resch/destination/.scripts/CVE-2021-3156/.git/objects/8e/11a21388c0d4653970d6b2d28f17f71d999318",creation,0444,resch,"-"
"Oct 25, 2022 @ 00:29:27.768",file,"/home/resch/destination/.scripts/CVE-2021-3156/.git/objects/77/26dd3633a7125e3327727038dd64d641fdbf7b",creation,0444,resch,"-"
"Oct 25, 2022 @ 00:29:27.647",file,"/home/resch/destination/.scripts/CVE-2021-3156/.git/objects/52/0222f122e522c62c3d08ea4308c6b0ae18dd0b",creation,0444,resch,"-"
"Oct 25, 2022 @ 00:29:27.515",file,"/home/resch/destination/.scripts/CVE-2021-3156/.git/objects/01/b5dd2aed94664325b09ef85d9cb49d65e96f14",creation,0444,resch,"-"
"Oct 25, 2022 @ 00:29:27.364",file,"/home/resch/destination/.scripts/CVE-2021-3156/.git/objects/e8/fc3cf37f0a65156dd9a381846472e3dd11f6da",creation,0444,resch,"-"
"Oct 25, 2022 @ 00:29:27.306",file,"/home/resch/destination/.scripts/CVE-2021-3156/.git/objects/e8/6046680a88e7579021058ed4647b8f08fe486e",creation,0444,resch,"-"
"Oct 25, 2022 @ 00:29:27.163",file,"/home/resch/destination/.scripts/CVE-2021-3156/.git/objects/e0/7eaa8433f318698f92f7824044f9db428785a2",creation,0444,resch,"-"
"Oct 25, 2022 @ 00:29:26.855",file,"/home/resch/destination/.scripts/CVE-2021-3156/.git/objects/b2/4ab7468b2d8ae38f44b683d3a48565363085f2",creation,0444,resch,"-"
"Oct 25, 2022 @ 00:29:26.700",file,"/home/resch/destination/.scripts/CVE-2021-3156/.git/objects/45/a56e0606bfc82a751964c0dd17eefc01a423fc",creation,0444,resch,"-"
"Oct 25, 2022 @ 00:29:26.504",file,"/home/resch/destination/.scripts/CVE-2021-3156/.git/config",creation,0644,resch,"-"
"Oct 25, 2022 @ 00:29:26.386",file,"/home/resch/destination/.scripts/CVE-2021-3156/.git/HEAD",creation,0644,resch,"-"
"Oct 25, 2022 @ 00:29:26.250",file,"/home/resch/destination/.scripts/CVE-2021-3156/.git/refs/remotes/origin/HEAD",creation,0644,resch,"-"
"Oct 25, 2022 @ 00:29:25.822",file,"/home/resch/destination/.scripts/CVE-2021-3156/.git/refs/heads/main",creation,0644,resch,"-"
"Oct 25, 2022 @ 00:29:25.359",file,"/home/resch/destination/.scripts/CVE-2021-3156/.git/info/exclude",creation,0644,resch,"-"
"Oct 25, 2022 @ 00:29:25.201",file,"/home/resch/destination/.scripts/CVE-2021-3156/.git/hooks/update.sample",creation,0755,resch,sample
"Oct 25, 2022 @ 00:29:25.134",file,"/home/resch/destination/.scripts/CVE-2021-3156/.git/hooks/prepare-commit-msg.sample",creation,0755,resch,sample
"Oct 25, 2022 @ 00:29:25.067",file,"/home/resch/destination/.scripts/CVE-2021-3156/.git/hooks/pre-rebase.sample",creation,0755,resch,sample
"Oct 25, 2022 @ 00:29:24.914",file,"/home/resch/destination/.scripts/CVE-2021-3156/.git/hooks/pre-push.sample",creation,0755,resch,sample
"Oct 25, 2022 @ 00:29:24.825",file,"/home/resch/destination/.scripts/CVE-2021-3156/.git/hooks/pre-commit.sample",creation,0755,resch,sample
"Oct 25, 2022 @ 00:29:24.644",file,"/home/resch/destination/.scripts/CVE-2021-3156/.git/hooks/pre-applypatch.sample",creation,0755,resch,sample
"Oct 25, 2022 @ 00:29:24.577",file,"/home/resch/destination/.scripts/CVE-2021-3156/.git/hooks/fsmonitor-watchman.sample",creation,0755,resch,sample
"Oct 25, 2022 @ 00:29:24.510",file,"/home/resch/destination/.scripts/CVE-2021-3156/.git/hooks/commit-msg.sample",creation,0755,resch,sample
"Oct 25, 2022 @ 00:29:24.432",file,"/home/resch/destination/.scripts/CVE-2021-3156/.git/hooks/pre-receive.sample",creation,0755,resch,sample
"Oct 25, 2022 @ 00:29:24.365",file,"/home/resch/destination/.scripts/CVE-2021-3156/.git/hooks/post-update.sample",creation,0755,resch,sample
"Oct 25, 2022 @ 00:29:24.270",file,"/home/resch/destination/.scripts/CVE-2021-3156/.git/hooks/applypatch-msg.sample",creation,0755,resch,sample
"Oct 25, 2022 @ 00:29:23.830",file,"/home/resch/destination/.scripts/CVE-2021-3156/shellcode.c",creation,0644,resch,c
"Oct 25, 2022 @ 00:29:23.284",file,"/home/resch/destination/.scripts/file_and_dir_discovery.sh",creation,0755,resch,sh
"Oct 25, 2022 @ 00:29:22.756",file,"/home/resch/destination/.scripts/exfiltration_target.sh",creation,0755,resch,sh
"Oct 25, 2022 @ 00:29:22.647",file,"/home/resch/destination/.scripts/collectiontarget.sh",creation,0755,resch,sh
"Oct 25, 2022 @ 00:29:22.496",file,"/home/resch/destination/.scripts/check.sh",creation,0755,resch,sh
"Oct 25, 2022 @ 00:29:21.122",file,"/home/resch/destination/.scripts/persistence2.sh",creation,0755,resch,sh
"Oct 25, 2022 @ 00:29:18.815",file,"/home/resch/destination/.scripts/encrypt.py.1",creation,0644,resch,1
"Oct 25, 2022 @ 00:29:13.184",file,"/home/resch/destination/research/test.sh",creation,0644,resch,sh
"Oct 25, 2022 @ 00:29:13.117",file,"/home/resch/destination/research/research2.pdf",creation,0644,resch,pdf
"Oct 25, 2022 @ 00:29:13.053",file,"/home/resch/destination/research/research1.pdf",creation,0644,resch,pdf
"Oct 25, 2022 @ 00:29:12.972",file,"/home/resch/destination/research/3204ResearchMaterials/[FORM] Code of Conduct ICT Legal 2019.pdf",creation,0644,resch,pdf
"Oct 25, 2022 @ 00:29:12.894",file,"/home/resch/destination/research/3204ResearchMaterials/SIT_logo_2.png",creation,0644,resch,png
"Oct 25, 2022 @ 00:29:12.827",file,"/home/resch/destination/research/3204ResearchMaterials/Details-of-Deliverable-1_ICT3203.pdf",creation,0644,resch,pdf
"Oct 25, 2022 @ 00:29:12.737",file,"/home/resch/destination/research/3204ResearchMaterials/witches.jpeg",creation,0644,resch,jpeg
"Oct 25, 2022 @ 00:29:12.632",file,"/home/resch/destination/research/3204ResearchMaterials/gudetama-1.png",creation,0644,resch,png
"Oct 25, 2022 @ 00:29:12.632",file,"/home/resch/destination/research/3204ResearchMaterials/kill-me-now.doc",creation,0644,resch,doc
"Oct 25, 2022 @ 00:29:12.453",file,"/home/resch/destination/research/3204ResearchMaterials/birdfood.PNG",creation,0644,resch,PNG
"Oct 25, 2022 @ 00:29:12.374",file,"/home/resch/destination/research/3204ResearchMaterials/3204lab-test-results-1.xlsx",creation,0644,resch,xlsx
"Oct 25, 2022 @ 00:29:12.274",file,"/home/resch/destination/research/3204ResearchMaterials/3204_security_analytics.txt",creation,0644,resch,txt
"Oct 25, 2022 @ 00:29:12.151",file,"/home/resch/destination/research/3204ResearchMaterials/random-word-doc-1.docx",creation,0644,resch,docx
"Oct 25, 2022 @ 00:29:11.776",file,"/home/resch/destination/research/3204ResearchMaterials/excel-sample-1.xlsx",creation,0644,resch,xlsx
"Oct 25, 2022 @ 00:29:11.669",file,"/home/resch/destination/research/3204ResearchMaterials/crying-cat-in-shower.jpg",creation,0644,resch,jpg
"Oct 25, 2022 @ 00:29:10.917",file,"/home/resch/destination/research/--checkpoint=1",creation,0644,resch,"-"
"Oct 25, 2022 @ 00:29:10.394",file,"/home/resch/destination/research/--checkpoint-action=exec=sh test.sh",creation,0644,resch,sh
"Oct 25, 2022 @ 00:28:20.198",file,"/home/resch/destination/.git/objects/8e/11a21388c0d4653970d6b2d28f17f71d999318",creation,0444,resch,"-"
"Oct 25, 2022 @ 00:28:18.568",file,"/home/resch/destination/.git/objects/52/0222f122e522c62c3d08ea4308c6b0ae18dd0b",creation,0444,resch,"-"
"Oct 25, 2022 @ 00:28:02.195",file,"/home/resch/destination/.git/objects/83/699ac455fb1288e2e6a8c1d1990379c7a448bf",creation,0444,resch,"-"
"Oct 25, 2022 @ 00:27:44.225",file,"/home/resch/destination/.git/objects/e8/6046680a88e7579021058ed4647b8f08fe486e",creation,0444,resch,"-"
"Oct 25, 2022 @ 00:27:44.108",file,"/home/resch/destination/.git/objects/e8/fc3cf37f0a65156dd9a381846472e3dd11f6da",creation,0444,resch,"-"
"Oct 25, 2022 @ 00:27:41.916",file,"/home/resch/destination/.git/objects/b2/4ab7468b2d8ae38f44b683d3a48565363085f2",creation,0444,resch,"-"
"Oct 25, 2022 @ 00:27:39.345",file,"/home/resch/destination/.git/objects/e0/7eaa8433f318698f92f7824044f9db428785a2",creation,0444,resch,"-"
"Oct 25, 2022 @ 00:27:31.410",file,"/home/resch/destination/.git/objects/50/ad10101c45265bedcf58c06a572414bde50b0a",creation,0444,resch,"-"
"Oct 25, 2022 @ 00:27:19.228",file,"/home/resch/destination/.git/objects/38/ff22cf6c19adb4963d827bfa37f4b547c2f471",creation,0444,resch,"-"
"Oct 25, 2022 @ 00:27:17.369",file,"/home/resch/destination/.git/objects/45/a56e0606bfc82a751964c0dd17eefc01a423fc",creation,0444,resch,"-"
"Oct 25, 2022 @ 00:27:10.624",file,"/home/resch/destination/.git/objects/48/eeaa3760532c29c424c69237e7033f71c33e53",creation,0444,resch,"-"
"Oct 25, 2022 @ 00:27:05.191",file,"/home/resch/destination/.git/objects/77/26dd3633a7125e3327727038dd64d641fdbf7b",creation,0444,resch,"-"
"Oct 25, 2022 @ 00:27:01.741",file,"/home/resch/destination/.git/objects/01/b5dd2aed94664325b09ef85d9cb49d65e96f14",creation,0444,resch,"-"
"Oct 25, 2022 @ 00:26:45.433",file,"/home/resch/destination/--checkpoint-action=exec=sh test.sh",creation,0644,resch,sh
"Oct 25, 2022 @ 00:26:22.024",file,"/home/resch/destination/exploit",creation,0755,resch,"-"
"Oct 25, 2022 @ 00:26:14.903",file,"/home/resch/destination/.ssh/id_rsa",creation,0600,resch,"-"
"Oct 25, 2022 @ 00:26:14.635",file,"/home/resch/destination/.ssh/id_rsa.pub",creation,0644,resch,pub
"Oct 25, 2022 @ 00:26:13.743",file,"/home/resch/destination/3204_security_analytics.txt",creation,0644,resch,txt
"Oct 25, 2022 @ 00:25:49.516",file,"/home/resch/destination/birdfood.PNG",creation,0644,resch,PNG
"Oct 25, 2022 @ 00:25:05.761",file,"/home/resch/destination/witches.jpeg",creation,0644,resch,jpeg
"Oct 25, 2022 @ 00:24:58.457",file,"/home/resch/destination/kill-me-now.doc",creation,0644,resch,doc
"Oct 25, 2022 @ 00:23:52.749",file,"/home/resch/destination/gudetama-1.png",creation,0644,resch,png
"Oct 25, 2022 @ 00:23:38.827",file,"/home/resch/destination/excel-sample-1.xlsx",creation,0644,resch,xlsx
"Oct 25, 2022 @ 00:23:29.980",file,"/home/resch/destination/[FORM] Code of Conduct ICT Legal 2019.pdf",creation,0644,resch,pdf
"Oct 25, 2022 @ 00:23:22.256",file,"/home/resch/destination/Details-of-Deliverable-1_ICT3203.pdf",creation,0644,resch,pdf
"Oct 25, 2022 @ 00:23:17.441",file,"/home/resch/destination/--checkpoint=1",creation,0644,resch,"-"
"Oct 25, 2022 @ 00:22:55.439",file,"/home/resch/destination/SIT_logo_2.png",creation,0644,resch,png
"Oct 25, 2022 @ 00:22:51.278",file,"/home/resch/destination/3204lab-test-results-1.xlsx",creation,0644,resch,xlsx
"Oct 25, 2022 @ 00:22:34.702",file,"/home/resch/destination/test.sh",creation,0644,resch,sh
"Oct 25, 2022 @ 00:21:22.518",file,"/home/resch/destination/crying-cat-in-shower.jpg",creation,0644,resch,jpg
"Oct 25, 2022 @ 00:07:43.531",file,"/home/resch/.scripts/CVE-2021-3156/.git/logs/HEAD",creation,0644,resch,"-"
"Oct 25, 2022 @ 00:07:43.441",file,"/home/resch/.scripts/CVE-2021-3156/.git/logs/refs/remotes/origin/HEAD",creation,0644,resch,"-"
"Oct 25, 2022 @ 00:07:42.781",file,"/home/resch/.scripts/CVE-2021-3156/.git/logs/refs/heads/main",creation,0644,resch,"-"
"Oct 25, 2022 @ 00:07:41.806",file,"/home/resch/.scripts/CVE-2021-3156/.git/info/exclude",creation,0644,resch,"-"
"Oct 25, 2022 @ 00:07:41.401",file,"/home/resch/.scripts/CVE-2021-3156/.git/index",creation,0644,resch,"-"
"Oct 25, 2022 @ 00:07:41.254",file,"/home/resch/.scripts/CVE-2021-3156/.git/objects/8e/11a21388c0d4653970d6b2d28f17f71d999318",creation,0444,resch,"-"
"Oct 25, 2022 @ 00:07:40.942",file,"/home/resch/.scripts/CVE-2021-3156/.git/objects/83/699ac455fb1288e2e6a8c1d1990379c7a448bf",creation,0444,resch,"-"
"Oct 25, 2022 @ 00:07:40.663",file,"/home/resch/.scripts/CVE-2021-3156/.git/objects/50/ad10101c45265bedcf58c06a572414bde50b0a",creation,0444,resch,"-"
"Oct 25, 2022 @ 00:07:40.448",file,"/home/resch/.scripts/CVE-2021-3156/.git/objects/48/eeaa3760532c29c424c69237e7033f71c33e53",creation,0444,resch,"-"
"Oct 25, 2022 @ 00:07:40.194",file,"/home/resch/.scripts/CVE-2021-3156/.git/objects/01/b5dd2aed94664325b09ef85d9cb49d65e96f14",creation,0444,resch,"-"
"Oct 25, 2022 @ 00:07:39.724",file,"/home/resch/.scripts/CVE-2021-3156/.git/objects/e8/6046680a88e7579021058ed4647b8f08fe486e",creation,0444,resch,"-"
"Oct 25, 2022 @ 00:07:39.538",file,"/home/resch/.scripts/CVE-2021-3156/.git/objects/e8/fc3cf37f0a65156dd9a381846472e3dd11f6da",creation,0444,resch,"-"
"Oct 25, 2022 @ 00:07:39.028",file,"/home/resch/.scripts/CVE-2021-3156/.git/objects/e0/7eaa8433f318698f92f7824044f9db428785a2",creation,0444,resch,"-"
"Oct 25, 2022 @ 00:07:38.693",file,"/home/resch/.scripts/CVE-2021-3156/.git/objects/52/0222f122e522c62c3d08ea4308c6b0ae18dd0b",creation,0444,resch,"-"
"Oct 25, 2022 @ 00:07:37.993",file,"/home/resch/.scripts/CVE-2021-3156/.git/objects/38/ff22cf6c19adb4963d827bfa37f4b547c2f471",creation,0444,resch,"-"
"Oct 25, 2022 @ 00:07:37.362",file,"/home/resch/.scripts/CVE-2021-3156/.git/objects/b2/4ab7468b2d8ae38f44b683d3a48565363085f2",creation,0444,resch,"-"
"Oct 25, 2022 @ 00:07:37.026",file,"/home/resch/.scripts/CVE-2021-3156/.git/objects/77/26dd3633a7125e3327727038dd64d641fdbf7b",creation,0444,resch,"-"
"Oct 25, 2022 @ 00:07:36.422",file,"/home/resch/.scripts/CVE-2021-3156/.git/objects/45/a56e0606bfc82a751964c0dd17eefc01a423fc",creation,0444,resch,"-"
"Oct 25, 2022 @ 00:07:35.755",file,"/home/resch/.scripts/CVE-2021-3156/.git/config",creation,0644,resch,"-"
"Oct 25, 2022 @ 00:07:35.490",file,"/home/resch/.scripts/CVE-2021-3156/.git/HEAD",creation,0644,resch,"-"
"Oct 25, 2022 @ 00:07:35.080",file,"/home/resch/.scripts/CVE-2021-3156/.git/refs/remotes/origin/HEAD",creation,0644,resch,"-"
"Oct 25, 2022 @ 00:07:34.688",file,"/home/resch/.scripts/CVE-2021-3156/.git/refs/heads/main",creation,0644,resch,"-"
"Oct 25, 2022 @ 00:07:33.865",file,"/home/resch/.scripts/CVE-2021-3156/.git/packed-refs",creation,0644,resch,"-"
"Oct 25, 2022 @ 00:07:33.739",file,"/home/resch/.scripts/CVE-2021-3156/.git/hooks/pre-rebase.sample",creation,0755,resch,sample
"Oct 25, 2022 @ 00:07:33.599",file,"/home/resch/.scripts/CVE-2021-3156/.git/hooks/pre-push.sample",creation,0755,resch,sample
"Oct 25, 2022 @ 00:07:33.387",file,"/home/resch/.scripts/CVE-2021-3156/.git/hooks/pre-applypatch.sample",creation,0755,resch,sample
"Oct 25, 2022 @ 00:07:33.178",file,"/home/resch/.scripts/CVE-2021-3156/.git/hooks/post-update.sample",creation,0755,resch,sample
"Oct 25, 2022 @ 00:07:33.025",file,"/home/resch/.scripts/CVE-2021-3156/.git/hooks/applypatch-msg.sample",creation,0755,resch,sample
"Oct 25, 2022 @ 00:07:32.660",file,"/home/resch/.scripts/CVE-2021-3156/.git/hooks/prepare-commit-msg.sample",creation,0755,resch,sample
"Oct 25, 2022 @ 00:07:32.573",file,"/home/resch/.scripts/CVE-2021-3156/.git/hooks/pre-receive.sample",creation,0755,resch,sample
"Oct 25, 2022 @ 00:07:32.347",file,"/home/resch/.scripts/CVE-2021-3156/.git/hooks/pre-commit.sample",creation,0755,resch,sample
"Oct 25, 2022 @ 00:07:32.146",file,"/home/resch/.scripts/CVE-2021-3156/.git/hooks/fsmonitor-watchman.sample",creation,0755,resch,sample
"Oct 25, 2022 @ 00:07:31.952",file,"/home/resch/.scripts/CVE-2021-3156/.git/hooks/commit-msg.sample",creation,0755,resch,sample
"Oct 25, 2022 @ 00:07:31.731",file,"/home/resch/.scripts/CVE-2021-3156/.git/hooks/update.sample",creation,0755,resch,sample
"Oct 25, 2022 @ 00:07:31.473",file,"/home/resch/.scripts/CVE-2021-3156/.git/description",creation,0644,resch,"-"
"Oct 25, 2022 @ 00:07:31.269",file,"/home/resch/.scripts/CVE-2021-3156/shellcode.c",creation,0644,resch,c
"Oct 25, 2022 @ 00:07:31.110",file,"/home/resch/.scripts/CVE-2021-3156/libnss_x/x.so.2",creation,0755,resch,2
"Oct 25, 2022 @ 00:07:30.515",file,"/home/resch/.scripts/CVE-2021-3156/exploit.c",creation,0644,resch,c
"Oct 25, 2022 @ 00:07:29.989",file,"/home/resch/.scripts/CVE-2021-3156/exploit",creation,0755,resch,"-"
"Oct 25, 2022 @ 00:07:29.875",file,"/home/resch/.scripts/CVE-2021-3156/README.md",creation,0644,resch,md
"Oct 25, 2022 @ 00:07:29.671",file,"/home/resch/.scripts/CVE-2021-3156/Makefile",creation,0644,resch,"-"
"Oct 25, 2022 @ 00:07:29.569",file,"/home/resch/.scripts/CVE-2021-3156/Dockerfile",creation,0644,resch,"-"
"Oct 25, 2022 @ 00:05:42.183",file,"/var/research/--checkpoint=1",creation,0644,resch,"-"
"Oct 25, 2022 @ 00:05:41.917",file,"/var/research/--checkpoint-action=exec=sh test.sh",creation,0644,resch,sh
"Oct 25, 2022 @ 00:05:41.621",file,"/var/research/test.sh",creation,0644,resch,sh
"Oct 25, 2022 @ 00:05:41.071",file,"/home/resch/.scripts/encrypt.py.1",creation,0644,resch,1
"Oct 25, 2022 @ 00:05:40.653",file,"/home/resch/.scripts/requirements.txt",creation,0644,resch,txt
"Oct 25, 2022 @ 00:05:38.105",file,"/home/resch/.scripts/attack_chain.sh",creation,0755,resch,sh
"Oct 25, 2022 @ 00:05:37.843",file,"/home/resch/.scripts/encrypt.py",creation,0755,resch,py
"Oct 25, 2022 @ 00:05:37.503",file,"/home/resch/.scripts/check.sh",creation,0644,resch,sh
"Oct 25, 2022 @ 00:05:37.028",file,"/home/resch/.scripts/exfiltration_target.sh",creation,0644,resch,sh
"Oct 25, 2022 @ 00:05:36.808",file,"/home/resch/.scripts/collectiontarget.sh",creation,0644,resch,sh
"Oct 25, 2022 @ 00:05:36.335",file,"/home/resch/.scripts/file_and_dir_discovery-stripped.sh",creation,0644,resch,sh
"Oct 25, 2022 @ 00:05:35.273",file,"/home/resch/.scripts/file_and_dir_discovery.sh",creation,0644,resch,sh
"Oct 25, 2022 @ 00:05:34.943",file,"/home/resch/.scripts/persistence2.sh",creation,0644,resch,sh
"Oct 25, 2022 @ 00:05:34.584",file,"/home/resch/.scripts/persistence1.sh",creation,0644,resch,sh
"Oct 25, 2022 @ 00:05:34.232",file,"/home/resch/.scripts/PEexploit.sh",creation,0644,resch,sh
"Oct 25, 2022 @ 00:05:26.492",file,"/home/resch/.wget-hsts",creation,0644,resch,"wget-hsts"
"Oct 25, 2022 @ 00:05:26.346",file,"/home/resch/import_Scripts_and_PE.sh",creation,0644,resch,sh
"Oct 24, 2022 @ 23:24:52.156",file,"/home/resch/.scripts/encrypt.py.3",creation,0644,resch,3
"Oct 24, 2022 @ 23:24:52.024",file,"/home/resch/.scripts/requirements.txt.1",creation,0644,resch,1
"Oct 24, 2022 @ 23:24:41.452",file,"/home/resch/.scripts/attack_chain.sh.1",creation,0755,resch,1
"Oct 24, 2022 @ 23:24:41.061",file,"/home/resch/.scripts/encrypt.py.2",creation,0755,resch,2
"Oct 24, 2022 @ 23:24:40.879",file,"/home/resch/.scripts/check.sh.1",creation,0755,resch,1
"Oct 24, 2022 @ 23:24:40.664",file,"/home/resch/.scripts/exfiltration_target.sh.1",creation,0755,resch,1
"Oct 24, 2022 @ 23:24:40.554",file,"/home/resch/.scripts/collectiontarget.sh.1",creation,0755,resch,1
"Oct 24, 2022 @ 23:24:40.368",file,"/home/resch/.scripts/file_and_dir_discovery-stripped.sh.1",creation,0755,resch,1
"Oct 24, 2022 @ 23:24:40.235",file,"/home/resch/.scripts/file_and_dir_discovery.sh.1",creation,0755,resch,1
"Oct 24, 2022 @ 23:24:40.103",file,"/home/resch/.scripts/persistence2.sh.1",creation,0755,resch,1
"Oct 24, 2022 @ 23:24:39.928",file,"/home/resch/.scripts/persistence1.sh.1",creation,0755,resch,1
"Oct 24, 2022 @ 23:24:39.180",file,"/home/resch/.scripts/PEexploit.sh.1",creation,0755,resch,1
"Oct 24, 2022 @ 23:14:00.204",file,"/home/resch/.scripts/CVE-2021-3156/exploit",creation,0755,resch,"-"
"Oct 24, 2022 @ 23:14:00.144",file,"/home/resch/.scripts/CVE-2021-3156/libnss_x/x.so.2",creation,0755,resch,2
"Oct 24, 2022 @ 23:13:59.929",file,"/home/resch/.scripts/CVE-2021-3156/.git/index",creation,0644,resch,"-"
"Oct 24, 2022 @ 23:13:59.429",file,"/home/resch/.scripts/CVE-2021-3156/shellcode.c",creation,0644,resch,c
"Oct 24, 2022 @ 23:13:59.247",file,"/home/resch/.scripts/CVE-2021-3156/exploit.c",creation,0644,resch,c
"Oct 24, 2022 @ 23:13:58.998",file,"/home/resch/.scripts/CVE-2021-3156/README.md",creation,0644,resch,md
"Oct 24, 2022 @ 23:13:58.702",file,"/home/resch/.scripts/CVE-2021-3156/Makefile",creation,0644,resch,"-"
"Oct 24, 2022 @ 23:13:58.500",file,"/home/resch/.scripts/CVE-2021-3156/Dockerfile",creation,0644,resch,"-"
"Oct 24, 2022 @ 23:13:57.841",file,"/home/resch/.scripts/CVE-2021-3156/.git/refs/heads/main",creation,0644,resch,"-"
"Oct 24, 2022 @ 23:13:57.105",file,"/home/resch/.scripts/CVE-2021-3156/.git/logs/refs/remotes/origin/HEAD",creation,0644,resch,"-"
"Oct 24, 2022 @ 23:13:56.718",file,"/home/resch/.scripts/CVE-2021-3156/.git/logs/refs/heads/main",creation,0644,resch,"-"
"Oct 24, 2022 @ 23:13:56.065",file,"/home/resch/.scripts/CVE-2021-3156/.git/logs/HEAD",creation,0644,resch,"-"
"Oct 24, 2022 @ 23:13:55.779",file,"/home/resch/.scripts/CVE-2021-3156/.git/refs/remotes/origin/HEAD",creation,0644,resch,"-"
"Oct 24, 2022 @ 23:13:55.291",file,"/home/resch/.scripts/CVE-2021-3156/.git/packed-refs",creation,0644,resch,"-"
"Oct 24, 2022 @ 23:13:55.054",file,"/home/resch/.scripts/CVE-2021-3156/.git/objects/52/0222f122e522c62c3d08ea4308c6b0ae18dd0b",creation,0444,resch,"-"
"Oct 24, 2022 @ 23:13:54.756",file,"/home/resch/.scripts/CVE-2021-3156/.git/objects/38/ff22cf6c19adb4963d827bfa37f4b547c2f471",creation,0444,resch,"-"
"Oct 24, 2022 @ 23:13:54.376",file,"/home/resch/.scripts/CVE-2021-3156/.git/objects/b2/4ab7468b2d8ae38f44b683d3a48565363085f2",creation,0444,resch,"-"
"Oct 24, 2022 @ 23:13:53.459",file,"/home/resch/.scripts/CVE-2021-3156/.git/objects/48/eeaa3760532c29c424c69237e7033f71c33e53",creation,0444,resch,"-"
"Oct 24, 2022 @ 23:13:53.147",file,"/home/resch/.scripts/CVE-2021-3156/.git/objects/50/ad10101c45265bedcf58c06a572414bde50b0a",creation,0444,resch,"-"
"Oct 24, 2022 @ 23:13:52.821",file,"/home/resch/.scripts/CVE-2021-3156/.git/objects/e0/7eaa8433f318698f92f7824044f9db428785a2",creation,0444,resch,"-"
"Oct 24, 2022 @ 23:13:52.562",file,"/home/resch/.scripts/CVE-2021-3156/.git/objects/45/a56e0606bfc82a751964c0dd17eefc01a423fc",creation,0444,resch,"-"
"Oct 24, 2022 @ 23:13:51.877",file,"/home/resch/.scripts/CVE-2021-3156/.git/objects/e8/fc3cf37f0a65156dd9a381846472e3dd11f6da",creation,0444,resch,"-"
"Oct 24, 2022 @ 23:13:51.692",file,"/home/resch/.scripts/CVE-2021-3156/.git/objects/e8/6046680a88e7579021058ed4647b8f08fe486e",creation,0444,resch,"-"
"Oct 24, 2022 @ 23:13:50.992",file,"/home/resch/.scripts/CVE-2021-3156/.git/objects/83/699ac455fb1288e2e6a8c1d1990379c7a448bf",creation,0444,resch,"-"
"Oct 24, 2022 @ 23:13:50.631",file,"/home/resch/.scripts/CVE-2021-3156/.git/objects/77/26dd3633a7125e3327727038dd64d641fdbf7b",creation,0444,resch,"-"
"Oct 24, 2022 @ 23:13:49.838",file,"/home/resch/.scripts/CVE-2021-3156/.git/objects/8e/11a21388c0d4653970d6b2d28f17f71d999318",creation,0444,resch,"-"
"Oct 24, 2022 @ 23:13:49.289",file,"/home/resch/.scripts/CVE-2021-3156/.git/objects/01/b5dd2aed94664325b09ef85d9cb49d65e96f14",creation,0444,resch,"-"
"Oct 24, 2022 @ 23:13:48.499",file,"/home/resch/.scripts/CVE-2021-3156/.git/config.lock",creation,0644,resch,lock
"Oct 24, 2022 @ 23:13:46.688",file,"/home/resch/.scripts/CVE-2021-3156/.git/config",creation,0644,resch,"-"
"Oct 24, 2022 @ 23:13:46.498",file,"/home/resch/.scripts/CVE-2021-3156/.git/HEAD",creation,0644,resch,"-"
"Oct 24, 2022 @ 23:13:46.061",file,"/home/resch/.scripts/CVE-2021-3156/.git/info/exclude",creation,0644,resch,"-"
"Oct 24, 2022 @ 23:13:45.628",file,"/home/resch/.scripts/CVE-2021-3156/.git/hooks/pre-rebase.sample",creation,0755,resch,sample
"Oct 24, 2022 @ 23:13:45.387",file,"/home/resch/.scripts/CVE-2021-3156/.git/hooks/post-update.sample",creation,0755,resch,sample
"Oct 24, 2022 @ 23:13:45.244",file,"/home/resch/.scripts/CVE-2021-3156/.git/hooks/commit-msg.sample",creation,0755,resch,sample
"Oct 24, 2022 @ 23:13:45.024",file,"/home/resch/.scripts/CVE-2021-3156/.git/hooks/prepare-commit-msg.sample",creation,0755,resch,sample
"Oct 24, 2022 @ 23:13:44.704",file,"/home/resch/.scripts/CVE-2021-3156/.git/hooks/pre-commit.sample",creation,0755,resch,sample
"Oct 24, 2022 @ 23:13:44.379",file,"/home/resch/.scripts/CVE-2021-3156/.git/hooks/applypatch-msg.sample",creation,0755,resch,sample
"Oct 24, 2022 @ 23:13:44.144",file,"/home/resch/.scripts/CVE-2021-3156/.git/hooks/pre-receive.sample",creation,0755,resch,sample
"Oct 24, 2022 @ 23:13:43.990",file,"/home/resch/.scripts/CVE-2021-3156/.git/hooks/pre-push.sample",creation,0755,resch,sample
"Oct 24, 2022 @ 23:13:43.785",file,"/home/resch/.scripts/CVE-2021-3156/.git/hooks/pre-applypatch.sample",creation,0755,resch,sample
"Oct 24, 2022 @ 23:13:43.703",file,"/home/resch/.scripts/CVE-2021-3156/.git/hooks/update.sample",creation,0755,resch,sample
"Oct 24, 2022 @ 23:13:43.630",file,"/home/resch/.scripts/CVE-2021-3156/.git/hooks/fsmonitor-watchman.sample",creation,0755,resch,sample
"Oct 24, 2022 @ 23:13:43.417",file,"/home/resch/.scripts/CVE-2021-3156/.git/description",creation,0644,resch,"-"
"Oct 24, 2022 @ 23:12:44.363",file,"/home/resch/.scripts/encrypt.py.1",creation,0644,resch,1
"Oct 24, 2022 @ 23:12:44.084",file,"/home/resch/.scripts/requirements.txt",creation,0644,resch,txt
"Oct 24, 2022 @ 23:12:42.766",file,"/home/resch/.scripts/attack_chain.sh",creation,0644,resch,sh
"Oct 24, 2022 @ 23:12:42.428",file,"/home/resch/.scripts/encrypt.py",creation,0644,resch,py
"Oct 24, 2022 @ 23:12:42.037",file,"/home/resch/.scripts/check.sh",creation,0644,resch,sh
"Oct 24, 2022 @ 23:12:41.671",file,"/home/resch/.scripts/exfiltration_target.sh",creation,0644,resch,sh
"Oct 24, 2022 @ 23:12:41.312",file,"/home/resch/.scripts/collectiontarget.sh",creation,0644,resch,sh
"Oct 24, 2022 @ 23:12:40.965",file,"/home/resch/.scripts/file_and_dir_discovery-stripped.sh",creation,0644,resch,sh
"Oct 24, 2022 @ 23:12:40.804",file,"/home/resch/.scripts/file_and_dir_discovery.sh",creation,0644,resch,sh
"Oct 24, 2022 @ 23:12:40.458",file,"/home/resch/.scripts/persistence2.sh",creation,0644,resch,sh
"Oct 24, 2022 @ 23:12:39.799",file,"/home/resch/.scripts/persistence1.sh",creation,0644,resch,sh
"Oct 24, 2022 @ 23:12:39.439",file,"/home/resch/.scripts/PEexploit.sh",creation,0644,resch,sh
"Oct 24, 2022 @ 23:11:59.835",file,"/home/resch/import_Scripts_and_PE.sh",creation,0644,resch,sh
"Oct 24, 2022 @ 23:06:48.731",file,"/home/resch/.scripts/encrypt.py.1",creation,0644,resch,1
"Oct 24, 2022 @ 23:06:48.573",file,"/home/resch/.scripts/requirements.txt",creation,0644,resch,txt
"Oct 24, 2022 @ 23:06:47.577",file,"/home/resch/.scripts/attack_chain.sh",creation,0755,resch,sh
"Oct 24, 2022 @ 23:06:47.460",file,"/home/resch/.scripts/encrypt.py",creation,0755,resch,py
"Oct 24, 2022 @ 23:06:47.313",file,"/home/resch/.scripts/check.sh",creation,0755,resch,sh
"Oct 24, 2022 @ 23:06:47.191",file,"/home/resch/.scripts/exfiltration_target.sh",creation,0755,resch,sh
"Oct 24, 2022 @ 23:06:47.059",file,"/home/resch/.scripts/collectiontarget.sh",creation,0755,resch,sh
"Oct 24, 2022 @ 23:06:46.934",file,"/home/resch/.scripts/file_and_dir_discovery-stripped.sh",creation,0644,resch,sh
"Oct 24, 2022 @ 23:06:46.773",file,"/home/resch/.scripts/file_and_dir_discovery.sh",creation,0644,resch,sh
"Oct 24, 2022 @ 23:06:46.665",file,"/home/resch/.scripts/persistence2.sh",creation,0644,resch,sh
"Oct 24, 2022 @ 23:06:46.527",file,"/home/resch/.scripts/persistence1.sh",creation,0644,resch,sh
"Oct 24, 2022 @ 23:06:46.465",file,"/home/resch/.scripts/PEexploit.sh",creation,0644,resch,sh
"Oct 24, 2022 @ 23:02:52.392",file,"/var/research/--checkpoint=1",creation,0644,resch,"-"
"Oct 24, 2022 @ 23:02:52.271",file,"/var/research/--checkpoint-action=exec=sh test.sh",creation,0644,resch,sh
"Oct 24, 2022 @ 23:02:52.172",file,"/var/research/test.sh",creation,0644,resch,sh
"Oct 24, 2022 @ 23:02:52.051",file,"/home/resch/.scripts/encrypt.py.1",creation,0644,resch,1
"Oct 24, 2022 @ 23:02:51.875",file,"/home/resch/.scripts/requirements.txt",creation,0644,resch,txt
"Oct 24, 2022 @ 23:02:50.967",file,"/home/resch/.scripts/attack_chain.sh",creation,0644,resch,sh
"Oct 24, 2022 @ 23:02:50.594",file,"/home/resch/.scripts/encrypt.py",creation,0644,resch,py
"Oct 24, 2022 @ 23:02:50.048",file,"/home/resch/.scripts/check.sh",creation,0644,resch,sh
"Oct 24, 2022 @ 23:02:48.838",file,"/home/resch/.scripts/exfiltration_target.sh",creation,0644,resch,sh
"Oct 24, 2022 @ 23:02:48.429",file,"/home/resch/.scripts/collectiontarget.sh",creation,0644,resch,sh
"Oct 24, 2022 @ 23:02:47.982",file,"/home/resch/.scripts/file_and_dir_discovery-stripped.sh",creation,0644,resch,sh
"Oct 24, 2022 @ 23:02:47.619",file,"/home/resch/.scripts/file_and_dir_discovery.sh",creation,0644,resch,sh
"Oct 24, 2022 @ 23:02:46.552",file,"/home/resch/.scripts/persistence2.sh",creation,0644,resch,sh
"Oct 24, 2022 @ 23:02:46.186",file,"/home/resch/.scripts/persistence1.sh",creation,0644,resch,sh
"Oct 24, 2022 @ 23:02:45.836",file,"/home/resch/.scripts/PEexploit.sh",creation,0644,resch,sh
"Oct 24, 2022 @ 23:02:30.575",file,"/home/resch/.wget-hsts",creation,0644,resch,"wget-hsts"
"Oct 24, 2022 @ 23:02:30.451",file,"/home/resch/import_Scripts_and_PE.sh",creation,0644,resch,sh
